# Derived from 16x16 double-precision matrix multiply
# A[i][k] has row-major spatial locality; B[k][j] has column-major
# (column-major causes many cache misses on B — a classic pattern)
W 0x00030000
R 0x00010000
R 0x00020000
R 0x00010008
R 0x00020080
R 0x00010010
R 0x00020100
R 0x00010018
R 0x00020180
R 0x00010020
R 0x00020200
R 0x00010028
R 0x00020280
R 0x00010030
R 0x00020300
R 0x00010038
R 0x00020380
R 0x00010040
R 0x00020400
R 0x00010048
R 0x00020480
R 0x00010050
R 0x00020500
R 0x00010058
R 0x00020580
R 0x00010060
R 0x00020600
R 0x00010068
R 0x00020680
R 0x00010070
R 0x00020700
R 0x00010078
R 0x00020780
W 0x00030008
R 0x00010000
R 0x00020008
R 0x00010008
R 0x00020088
R 0x00010010
R 0x00020108
R 0x00010018
R 0x00020188
R 0x00010020
R 0x00020208
R 0x00010028
R 0x00020288
R 0x00010030
R 0x00020308
R 0x00010038
R 0x00020388
R 0x00010040
R 0x00020408
R 0x00010048
R 0x00020488
R 0x00010050
R 0x00020508
R 0x00010058
R 0x00020588
R 0x00010060
R 0x00020608
R 0x00010068
R 0x00020688
R 0x00010070
R 0x00020708
R 0x00010078
R 0x00020788
W 0x00030010
R 0x00010000
R 0x00020010
R 0x00010008
R 0x00020090
R 0x00010010
R 0x00020110
R 0x00010018
R 0x00020190
R 0x00010020
R 0x00020210
R 0x00010028
R 0x00020290
R 0x00010030
R 0x00020310
R 0x00010038
R 0x00020390
R 0x00010040
R 0x00020410
R 0x00010048
R 0x00020490
R 0x00010050
R 0x00020510
R 0x00010058
R 0x00020590
R 0x00010060
R 0x00020610
R 0x00010068
R 0x00020690
R 0x00010070
R 0x00020710
R 0x00010078
R 0x00020790
W 0x00030018
R 0x00010000
R 0x00020018
R 0x00010008
R 0x00020098
R 0x00010010
R 0x00020118
R 0x00010018
R 0x00020198
R 0x00010020
R 0x00020218
R 0x00010028
R 0x00020298
R 0x00010030
R 0x00020318
R 0x00010038
R 0x00020398
R 0x00010040
R 0x00020418
R 0x00010048
R 0x00020498
R 0x00010050
R 0x00020518
R 0x00010058
R 0x00020598
R 0x00010060
R 0x00020618
R 0x00010068
R 0x00020698
R 0x00010070
R 0x00020718
R 0x00010078
R 0x00020798
W 0x00030020
R 0x00010000
R 0x00020020
R 0x00010008
R 0x000200a0
R 0x00010010
R 0x00020120
R 0x00010018
R 0x000201a0
R 0x00010020
R 0x00020220
R 0x00010028
R 0x000202a0
R 0x00010030
R 0x00020320
R 0x00010038
R 0x000203a0
R 0x00010040
R 0x00020420
R 0x00010048
R 0x000204a0
R 0x00010050
R 0x00020520
R 0x00010058
R 0x000205a0
R 0x00010060
R 0x00020620
R 0x00010068
R 0x000206a0
R 0x00010070
R 0x00020720
R 0x00010078
R 0x000207a0
W 0x00030028
R 0x00010000
R 0x00020028
R 0x00010008
R 0x000200a8
R 0x00010010
R 0x00020128
R 0x00010018
R 0x000201a8
R 0x00010020
R 0x00020228
R 0x00010028
R 0x000202a8
R 0x00010030
R 0x00020328
R 0x00010038
R 0x000203a8
R 0x00010040
R 0x00020428
R 0x00010048
R 0x000204a8
R 0x00010050
R 0x00020528
R 0x00010058
R 0x000205a8
R 0x00010060
R 0x00020628
R 0x00010068
R 0x000206a8
R 0x00010070
R 0x00020728
R 0x00010078
R 0x000207a8
W 0x00030030
R 0x00010000
R 0x00020030
R 0x00010008
R 0x000200b0
R 0x00010010
R 0x00020130
R 0x00010018
R 0x000201b0
R 0x00010020
R 0x00020230
R 0x00010028
R 0x000202b0
R 0x00010030
R 0x00020330
R 0x00010038
R 0x000203b0
R 0x00010040
R 0x00020430
R 0x00010048
R 0x000204b0
R 0x00010050
R 0x00020530
R 0x00010058
R 0x000205b0
R 0x00010060
R 0x00020630
R 0x00010068
R 0x000206b0
R 0x00010070
R 0x00020730
R 0x00010078
R 0x000207b0
W 0x00030038
R 0x00010000
R 0x00020038
R 0x00010008
R 0x000200b8
R 0x00010010
R 0x00020138
R 0x00010018
R 0x000201b8
R 0x00010020
R 0x00020238
R 0x00010028
R 0x000202b8
R 0x00010030
R 0x00020338
R 0x00010038
R 0x000203b8
R 0x00010040
R 0x00020438
R 0x00010048
R 0x000204b8
R 0x00010050
R 0x00020538
R 0x00010058
R 0x000205b8
R 0x00010060
R 0x00020638
R 0x00010068
R 0x000206b8
R 0x00010070
R 0x00020738
R 0x00010078
R 0x000207b8
W 0x00030040
R 0x00010000
R 0x00020040
R 0x00010008
R 0x000200c0
R 0x00010010
R 0x00020140
R 0x00010018
R 0x000201c0
R 0x00010020
R 0x00020240
R 0x00010028
R 0x000202c0
R 0x00010030
R 0x00020340
R 0x00010038
R 0x000203c0
R 0x00010040
R 0x00020440
R 0x00010048
R 0x000204c0
R 0x00010050
R 0x00020540
R 0x00010058
R 0x000205c0
R 0x00010060
R 0x00020640
R 0x00010068
R 0x000206c0
R 0x00010070
R 0x00020740
R 0x00010078
R 0x000207c0
W 0x00030048
R 0x00010000
R 0x00020048
R 0x00010008
R 0x000200c8
R 0x00010010
R 0x00020148
R 0x00010018
R 0x000201c8
R 0x00010020
R 0x00020248
R 0x00010028
R 0x000202c8
R 0x00010030
R 0x00020348
R 0x00010038
R 0x000203c8
R 0x00010040
R 0x00020448
R 0x00010048
R 0x000204c8
R 0x00010050
R 0x00020548
R 0x00010058
R 0x000205c8
R 0x00010060
R 0x00020648
R 0x00010068
R 0x000206c8
R 0x00010070
R 0x00020748
R 0x00010078
R 0x000207c8
W 0x00030050
R 0x00010000
R 0x00020050
R 0x00010008
R 0x000200d0
R 0x00010010
R 0x00020150
R 0x00010018
R 0x000201d0
R 0x00010020
R 0x00020250
R 0x00010028
R 0x000202d0
R 0x00010030
R 0x00020350
R 0x00010038
R 0x000203d0
R 0x00010040
R 0x00020450
R 0x00010048
R 0x000204d0
R 0x00010050
R 0x00020550
R 0x00010058
R 0x000205d0
R 0x00010060
R 0x00020650
R 0x00010068
R 0x000206d0
R 0x00010070
R 0x00020750
R 0x00010078
R 0x000207d0
W 0x00030058
R 0x00010000
R 0x00020058
R 0x00010008
R 0x000200d8
R 0x00010010
R 0x00020158
R 0x00010018
R 0x000201d8
R 0x00010020
R 0x00020258
R 0x00010028
R 0x000202d8
R 0x00010030
R 0x00020358
R 0x00010038
R 0x000203d8
R 0x00010040
R 0x00020458
R 0x00010048
R 0x000204d8
R 0x00010050
R 0x00020558
R 0x00010058
R 0x000205d8
R 0x00010060
R 0x00020658
R 0x00010068
R 0x000206d8
R 0x00010070
R 0x00020758
R 0x00010078
R 0x000207d8
W 0x00030060
R 0x00010000
R 0x00020060
R 0x00010008
R 0x000200e0
R 0x00010010
R 0x00020160
R 0x00010018
R 0x000201e0
R 0x00010020
R 0x00020260
R 0x00010028
R 0x000202e0
R 0x00010030
R 0x00020360
R 0x00010038
R 0x000203e0
R 0x00010040
R 0x00020460
R 0x00010048
R 0x000204e0
R 0x00010050
R 0x00020560
R 0x00010058
R 0x000205e0
R 0x00010060
R 0x00020660
R 0x00010068
R 0x000206e0
R 0x00010070
R 0x00020760
R 0x00010078
R 0x000207e0
W 0x00030068
R 0x00010000
R 0x00020068
R 0x00010008
R 0x000200e8
R 0x00010010
R 0x00020168
R 0x00010018
R 0x000201e8
R 0x00010020
R 0x00020268
R 0x00010028
R 0x000202e8
R 0x00010030
R 0x00020368
R 0x00010038
R 0x000203e8
R 0x00010040
R 0x00020468
R 0x00010048
R 0x000204e8
R 0x00010050
R 0x00020568
R 0x00010058
R 0x000205e8
R 0x00010060
R 0x00020668
R 0x00010068
R 0x000206e8
R 0x00010070
R 0x00020768
R 0x00010078
R 0x000207e8
W 0x00030070
R 0x00010000
R 0x00020070
R 0x00010008
R 0x000200f0
R 0x00010010
R 0x00020170
R 0x00010018
R 0x000201f0
R 0x00010020
R 0x00020270
R 0x00010028
R 0x000202f0
R 0x00010030
R 0x00020370
R 0x00010038
R 0x000203f0
R 0x00010040
R 0x00020470
R 0x00010048
R 0x000204f0
R 0x00010050
R 0x00020570
R 0x00010058
R 0x000205f0
R 0x00010060
R 0x00020670
R 0x00010068
R 0x000206f0
R 0x00010070
R 0x00020770
R 0x00010078
R 0x000207f0
W 0x00030078
R 0x00010000
R 0x00020078
R 0x00010008
R 0x000200f8
R 0x00010010
R 0x00020178
R 0x00010018
R 0x000201f8
R 0x00010020
R 0x00020278
R 0x00010028
R 0x000202f8
R 0x00010030
R 0x00020378
R 0x00010038
R 0x000203f8
R 0x00010040
R 0x00020478
R 0x00010048
R 0x000204f8
R 0x00010050
R 0x00020578
R 0x00010058
R 0x000205f8
R 0x00010060
R 0x00020678
R 0x00010068
R 0x000206f8
R 0x00010070
R 0x00020778
R 0x00010078
R 0x000207f8
W 0x00030080
R 0x00010080
R 0x00020000
R 0x00010088
R 0x00020080
R 0x00010090
R 0x00020100
R 0x00010098
R 0x00020180
R 0x000100a0
R 0x00020200
R 0x000100a8
R 0x00020280
R 0x000100b0
R 0x00020300
R 0x000100b8
R 0x00020380
R 0x000100c0
R 0x00020400
R 0x000100c8
R 0x00020480
R 0x000100d0
R 0x00020500
R 0x000100d8
R 0x00020580
R 0x000100e0
R 0x00020600
R 0x000100e8
R 0x00020680
R 0x000100f0
R 0x00020700
R 0x000100f8
R 0x00020780
W 0x00030088
R 0x00010080
R 0x00020008
R 0x00010088
R 0x00020088
R 0x00010090
R 0x00020108
R 0x00010098
R 0x00020188
R 0x000100a0
R 0x00020208
R 0x000100a8
R 0x00020288
R 0x000100b0
R 0x00020308
R 0x000100b8
R 0x00020388
R 0x000100c0
R 0x00020408
R 0x000100c8
R 0x00020488
R 0x000100d0
R 0x00020508
R 0x000100d8
R 0x00020588
R 0x000100e0
R 0x00020608
R 0x000100e8
R 0x00020688
R 0x000100f0
R 0x00020708
R 0x000100f8
R 0x00020788
W 0x00030090
R 0x00010080
R 0x00020010
R 0x00010088
R 0x00020090
R 0x00010090
R 0x00020110
R 0x00010098
R 0x00020190
R 0x000100a0
R 0x00020210
R 0x000100a8
R 0x00020290
R 0x000100b0
R 0x00020310
R 0x000100b8
R 0x00020390
R 0x000100c0
R 0x00020410
R 0x000100c8
R 0x00020490
R 0x000100d0
R 0x00020510
R 0x000100d8
R 0x00020590
R 0x000100e0
R 0x00020610
R 0x000100e8
R 0x00020690
R 0x000100f0
R 0x00020710
R 0x000100f8
R 0x00020790
W 0x00030098
R 0x00010080
R 0x00020018
R 0x00010088
R 0x00020098
R 0x00010090
R 0x00020118
R 0x00010098
R 0x00020198
R 0x000100a0
R 0x00020218
R 0x000100a8
R 0x00020298
R 0x000100b0
R 0x00020318
R 0x000100b8
R 0x00020398
R 0x000100c0
R 0x00020418
R 0x000100c8
R 0x00020498
R 0x000100d0
R 0x00020518
R 0x000100d8
R 0x00020598
R 0x000100e0
R 0x00020618
R 0x000100e8
R 0x00020698
R 0x000100f0
R 0x00020718
R 0x000100f8
R 0x00020798
W 0x000300a0
R 0x00010080
R 0x00020020
R 0x00010088
R 0x000200a0
R 0x00010090
R 0x00020120
R 0x00010098
R 0x000201a0
R 0x000100a0
R 0x00020220
R 0x000100a8
R 0x000202a0
R 0x000100b0
R 0x00020320
R 0x000100b8
R 0x000203a0
R 0x000100c0
R 0x00020420
R 0x000100c8
R 0x000204a0
R 0x000100d0
R 0x00020520
R 0x000100d8
R 0x000205a0
R 0x000100e0
R 0x00020620
R 0x000100e8
R 0x000206a0
R 0x000100f0
R 0x00020720
R 0x000100f8
R 0x000207a0
W 0x000300a8
R 0x00010080
R 0x00020028
R 0x00010088
R 0x000200a8
R 0x00010090
R 0x00020128
R 0x00010098
R 0x000201a8
R 0x000100a0
R 0x00020228
R 0x000100a8
R 0x000202a8
R 0x000100b0
R 0x00020328
R 0x000100b8
R 0x000203a8
R 0x000100c0
R 0x00020428
R 0x000100c8
R 0x000204a8
R 0x000100d0
R 0x00020528
R 0x000100d8
R 0x000205a8
R 0x000100e0
R 0x00020628
R 0x000100e8
R 0x000206a8
R 0x000100f0
R 0x00020728
R 0x000100f8
R 0x000207a8
W 0x000300b0
R 0x00010080
R 0x00020030
R 0x00010088
R 0x000200b0
R 0x00010090
R 0x00020130
R 0x00010098
R 0x000201b0
R 0x000100a0
R 0x00020230
R 0x000100a8
R 0x000202b0
R 0x000100b0
R 0x00020330
R 0x000100b8
R 0x000203b0
R 0x000100c0
R 0x00020430
R 0x000100c8
R 0x000204b0
R 0x000100d0
R 0x00020530
R 0x000100d8
R 0x000205b0
R 0x000100e0
R 0x00020630
R 0x000100e8
R 0x000206b0
R 0x000100f0
R 0x00020730
R 0x000100f8
R 0x000207b0
W 0x000300b8
R 0x00010080
R 0x00020038
R 0x00010088
R 0x000200b8
R 0x00010090
R 0x00020138
R 0x00010098
R 0x000201b8
R 0x000100a0
R 0x00020238
R 0x000100a8
R 0x000202b8
R 0x000100b0
R 0x00020338
R 0x000100b8
R 0x000203b8
R 0x000100c0
R 0x00020438
R 0x000100c8
R 0x000204b8
R 0x000100d0
R 0x00020538
R 0x000100d8
R 0x000205b8
R 0x000100e0
R 0x00020638
R 0x000100e8
R 0x000206b8
R 0x000100f0
R 0x00020738
R 0x000100f8
R 0x000207b8
W 0x000300c0
R 0x00010080
R 0x00020040
R 0x00010088
R 0x000200c0
R 0x00010090
R 0x00020140
R 0x00010098
R 0x000201c0
R 0x000100a0
R 0x00020240
R 0x000100a8
R 0x000202c0
R 0x000100b0
R 0x00020340
R 0x000100b8
R 0x000203c0
R 0x000100c0
R 0x00020440
R 0x000100c8
R 0x000204c0
R 0x000100d0
R 0x00020540
R 0x000100d8
R 0x000205c0
R 0x000100e0
R 0x00020640
R 0x000100e8
R 0x000206c0
R 0x000100f0
R 0x00020740
R 0x000100f8
R 0x000207c0
W 0x000300c8
R 0x00010080
R 0x00020048
R 0x00010088
R 0x000200c8
R 0x00010090
R 0x00020148
R 0x00010098
R 0x000201c8
R 0x000100a0
R 0x00020248
R 0x000100a8
R 0x000202c8
R 0x000100b0
R 0x00020348
R 0x000100b8
R 0x000203c8
R 0x000100c0
R 0x00020448
R 0x000100c8
R 0x000204c8
R 0x000100d0
R 0x00020548
R 0x000100d8
R 0x000205c8
R 0x000100e0
R 0x00020648
R 0x000100e8
R 0x000206c8
R 0x000100f0
R 0x00020748
R 0x000100f8
R 0x000207c8
W 0x000300d0
R 0x00010080
R 0x00020050
R 0x00010088
R 0x000200d0
R 0x00010090
R 0x00020150
R 0x00010098
R 0x000201d0
R 0x000100a0
R 0x00020250
R 0x000100a8
R 0x000202d0
R 0x000100b0
R 0x00020350
R 0x000100b8
R 0x000203d0
R 0x000100c0
R 0x00020450
R 0x000100c8
R 0x000204d0
R 0x000100d0
R 0x00020550
R 0x000100d8
R 0x000205d0
R 0x000100e0
R 0x00020650
R 0x000100e8
R 0x000206d0
R 0x000100f0
R 0x00020750
R 0x000100f8
R 0x000207d0
W 0x000300d8
R 0x00010080
R 0x00020058
R 0x00010088
R 0x000200d8
R 0x00010090
R 0x00020158
R 0x00010098
R 0x000201d8
R 0x000100a0
R 0x00020258
R 0x000100a8
R 0x000202d8
R 0x000100b0
R 0x00020358
R 0x000100b8
R 0x000203d8
R 0x000100c0
R 0x00020458
R 0x000100c8
R 0x000204d8
R 0x000100d0
R 0x00020558
R 0x000100d8
R 0x000205d8
R 0x000100e0
R 0x00020658
R 0x000100e8
R 0x000206d8
R 0x000100f0
R 0x00020758
R 0x000100f8
R 0x000207d8
W 0x000300e0
R 0x00010080
R 0x00020060
R 0x00010088
R 0x000200e0
R 0x00010090
R 0x00020160
R 0x00010098
R 0x000201e0
R 0x000100a0
R 0x00020260
R 0x000100a8
R 0x000202e0
R 0x000100b0
R 0x00020360
R 0x000100b8
R 0x000203e0
R 0x000100c0
R 0x00020460
R 0x000100c8
R 0x000204e0
R 0x000100d0
R 0x00020560
R 0x000100d8
R 0x000205e0
R 0x000100e0
R 0x00020660
R 0x000100e8
R 0x000206e0
R 0x000100f0
R 0x00020760
R 0x000100f8
R 0x000207e0
W 0x000300e8
R 0x00010080
R 0x00020068
R 0x00010088
R 0x000200e8
R 0x00010090
R 0x00020168
R 0x00010098
R 0x000201e8
R 0x000100a0
R 0x00020268
R 0x000100a8
R 0x000202e8
R 0x000100b0
R 0x00020368
R 0x000100b8
R 0x000203e8
R 0x000100c0
R 0x00020468
R 0x000100c8
R 0x000204e8
R 0x000100d0
R 0x00020568
R 0x000100d8
R 0x000205e8
R 0x000100e0
R 0x00020668
R 0x000100e8
R 0x000206e8
R 0x000100f0
R 0x00020768
R 0x000100f8
R 0x000207e8
W 0x000300f0
R 0x00010080
R 0x00020070
R 0x00010088
R 0x000200f0
R 0x00010090
R 0x00020170
R 0x00010098
R 0x000201f0
R 0x000100a0
R 0x00020270
R 0x000100a8
R 0x000202f0
R 0x000100b0
R 0x00020370
R 0x000100b8
R 0x000203f0
R 0x000100c0
R 0x00020470
R 0x000100c8
R 0x000204f0
R 0x000100d0
R 0x00020570
R 0x000100d8
R 0x000205f0
R 0x000100e0
R 0x00020670
R 0x000100e8
R 0x000206f0
R 0x000100f0
R 0x00020770
R 0x000100f8
R 0x000207f0
W 0x000300f8
R 0x00010080
R 0x00020078
R 0x00010088
R 0x000200f8
R 0x00010090
R 0x00020178
R 0x00010098
R 0x000201f8
R 0x000100a0
R 0x00020278
R 0x000100a8
R 0x000202f8
R 0x000100b0
R 0x00020378
R 0x000100b8
R 0x000203f8
R 0x000100c0
R 0x00020478
R 0x000100c8
R 0x000204f8
R 0x000100d0
R 0x00020578
R 0x000100d8
R 0x000205f8
R 0x000100e0
R 0x00020678
R 0x000100e8
R 0x000206f8
R 0x000100f0
R 0x00020778
R 0x000100f8
R 0x000207f8
W 0x00030100
R 0x00010100
R 0x00020000
R 0x00010108
R 0x00020080
R 0x00010110
R 0x00020100
R 0x00010118
R 0x00020180
R 0x00010120
R 0x00020200
R 0x00010128
R 0x00020280
R 0x00010130
R 0x00020300
R 0x00010138
R 0x00020380
R 0x00010140
R 0x00020400
R 0x00010148
R 0x00020480
R 0x00010150
R 0x00020500
R 0x00010158
R 0x00020580
R 0x00010160
R 0x00020600
R 0x00010168
R 0x00020680
R 0x00010170
R 0x00020700
R 0x00010178
R 0x00020780
W 0x00030108
R 0x00010100
R 0x00020008
R 0x00010108
R 0x00020088
R 0x00010110
R 0x00020108
R 0x00010118
R 0x00020188
R 0x00010120
R 0x00020208
R 0x00010128
R 0x00020288
R 0x00010130
R 0x00020308
R 0x00010138
R 0x00020388
R 0x00010140
R 0x00020408
R 0x00010148
R 0x00020488
R 0x00010150
R 0x00020508
R 0x00010158
R 0x00020588
R 0x00010160
R 0x00020608
R 0x00010168
R 0x00020688
R 0x00010170
R 0x00020708
R 0x00010178
R 0x00020788
W 0x00030110
R 0x00010100
R 0x00020010
R 0x00010108
R 0x00020090
R 0x00010110
R 0x00020110
R 0x00010118
R 0x00020190
R 0x00010120
R 0x00020210
R 0x00010128
R 0x00020290
R 0x00010130
R 0x00020310
R 0x00010138
R 0x00020390
R 0x00010140
R 0x00020410
R 0x00010148
R 0x00020490
R 0x00010150
R 0x00020510
R 0x00010158
R 0x00020590
R 0x00010160
R 0x00020610
R 0x00010168
R 0x00020690
R 0x00010170
R 0x00020710
R 0x00010178
R 0x00020790
W 0x00030118
R 0x00010100
R 0x00020018
R 0x00010108
R 0x00020098
R 0x00010110
R 0x00020118
R 0x00010118
R 0x00020198
R 0x00010120
R 0x00020218
R 0x00010128
R 0x00020298
R 0x00010130
R 0x00020318
R 0x00010138
R 0x00020398
R 0x00010140
R 0x00020418
R 0x00010148
R 0x00020498
R 0x00010150
R 0x00020518
R 0x00010158
R 0x00020598
R 0x00010160
R 0x00020618
R 0x00010168
R 0x00020698
R 0x00010170
R 0x00020718
R 0x00010178
R 0x00020798
W 0x00030120
R 0x00010100
R 0x00020020
R 0x00010108
R 0x000200a0
R 0x00010110
R 0x00020120
R 0x00010118
R 0x000201a0
R 0x00010120
R 0x00020220
R 0x00010128
R 0x000202a0
R 0x00010130
R 0x00020320
R 0x00010138
R 0x000203a0
R 0x00010140
R 0x00020420
R 0x00010148
R 0x000204a0
R 0x00010150
R 0x00020520
R 0x00010158
R 0x000205a0
R 0x00010160
R 0x00020620
R 0x00010168
R 0x000206a0
R 0x00010170
R 0x00020720
R 0x00010178
R 0x000207a0
W 0x00030128
R 0x00010100
R 0x00020028
R 0x00010108
R 0x000200a8
R 0x00010110
R 0x00020128
R 0x00010118
R 0x000201a8
R 0x00010120
R 0x00020228
R 0x00010128
R 0x000202a8
R 0x00010130
R 0x00020328
R 0x00010138
R 0x000203a8
R 0x00010140
R 0x00020428
R 0x00010148
R 0x000204a8
R 0x00010150
R 0x00020528
R 0x00010158
R 0x000205a8
R 0x00010160
R 0x00020628
R 0x00010168
R 0x000206a8
R 0x00010170
R 0x00020728
R 0x00010178
R 0x000207a8
W 0x00030130
R 0x00010100
R 0x00020030
R 0x00010108
R 0x000200b0
R 0x00010110
R 0x00020130
R 0x00010118
R 0x000201b0
R 0x00010120
R 0x00020230
R 0x00010128
R 0x000202b0
R 0x00010130
R 0x00020330
R 0x00010138
R 0x000203b0
R 0x00010140
R 0x00020430
R 0x00010148
R 0x000204b0
R 0x00010150
R 0x00020530
R 0x00010158
R 0x000205b0
R 0x00010160
R 0x00020630
R 0x00010168
R 0x000206b0
R 0x00010170
R 0x00020730
R 0x00010178
R 0x000207b0
W 0x00030138
R 0x00010100
R 0x00020038
R 0x00010108
R 0x000200b8
R 0x00010110
R 0x00020138
R 0x00010118
R 0x000201b8
R 0x00010120
R 0x00020238
R 0x00010128
R 0x000202b8
R 0x00010130
R 0x00020338
R 0x00010138
R 0x000203b8
R 0x00010140
R 0x00020438
R 0x00010148
R 0x000204b8
R 0x00010150
R 0x00020538
R 0x00010158
R 0x000205b8
R 0x00010160
R 0x00020638
R 0x00010168
R 0x000206b8
R 0x00010170
R 0x00020738
R 0x00010178
R 0x000207b8
W 0x00030140
R 0x00010100
R 0x00020040
R 0x00010108
R 0x000200c0
R 0x00010110
R 0x00020140
R 0x00010118
R 0x000201c0
R 0x00010120
R 0x00020240
R 0x00010128
R 0x000202c0
R 0x00010130
R 0x00020340
R 0x00010138
R 0x000203c0
R 0x00010140
R 0x00020440
R 0x00010148
R 0x000204c0
R 0x00010150
R 0x00020540
R 0x00010158
R 0x000205c0
R 0x00010160
R 0x00020640
R 0x00010168
R 0x000206c0
R 0x00010170
R 0x00020740
R 0x00010178
R 0x000207c0
W 0x00030148
R 0x00010100
R 0x00020048
R 0x00010108
R 0x000200c8
R 0x00010110
R 0x00020148
R 0x00010118
R 0x000201c8
R 0x00010120
R 0x00020248
R 0x00010128
R 0x000202c8
R 0x00010130
R 0x00020348
R 0x00010138
R 0x000203c8
R 0x00010140
R 0x00020448
R 0x00010148
R 0x000204c8
R 0x00010150
R 0x00020548
R 0x00010158
R 0x000205c8
R 0x00010160
R 0x00020648
R 0x00010168
R 0x000206c8
R 0x00010170
R 0x00020748
R 0x00010178
R 0x000207c8
W 0x00030150
R 0x00010100
R 0x00020050
R 0x00010108
R 0x000200d0
R 0x00010110
R 0x00020150
R 0x00010118
R 0x000201d0
R 0x00010120
R 0x00020250
R 0x00010128
R 0x000202d0
R 0x00010130
R 0x00020350
R 0x00010138
R 0x000203d0
R 0x00010140
R 0x00020450
R 0x00010148
R 0x000204d0
R 0x00010150
R 0x00020550
R 0x00010158
R 0x000205d0
R 0x00010160
R 0x00020650
R 0x00010168
R 0x000206d0
R 0x00010170
R 0x00020750
R 0x00010178
R 0x000207d0
W 0x00030158
R 0x00010100
R 0x00020058
R 0x00010108
R 0x000200d8
R 0x00010110
R 0x00020158
R 0x00010118
R 0x000201d8
R 0x00010120
R 0x00020258
R 0x00010128
R 0x000202d8
R 0x00010130
R 0x00020358
R 0x00010138
R 0x000203d8
R 0x00010140
R 0x00020458
R 0x00010148
R 0x000204d8
R 0x00010150
R 0x00020558
R 0x00010158
R 0x000205d8
R 0x00010160
R 0x00020658
R 0x00010168
R 0x000206d8
R 0x00010170
R 0x00020758
R 0x00010178
R 0x000207d8
W 0x00030160
R 0x00010100
R 0x00020060
R 0x00010108
R 0x000200e0
R 0x00010110
R 0x00020160
R 0x00010118
R 0x000201e0
R 0x00010120
R 0x00020260
R 0x00010128
R 0x000202e0
R 0x00010130
R 0x00020360
R 0x00010138
R 0x000203e0
R 0x00010140
R 0x00020460
R 0x00010148
R 0x000204e0
R 0x00010150
R 0x00020560
R 0x00010158
R 0x000205e0
R 0x00010160
R 0x00020660
R 0x00010168
R 0x000206e0
R 0x00010170
R 0x00020760
R 0x00010178
R 0x000207e0
W 0x00030168
R 0x00010100
R 0x00020068
R 0x00010108
R 0x000200e8
R 0x00010110
R 0x00020168
R 0x00010118
R 0x000201e8
R 0x00010120
R 0x00020268
R 0x00010128
R 0x000202e8
R 0x00010130
R 0x00020368
R 0x00010138
R 0x000203e8
R 0x00010140
R 0x00020468
R 0x00010148
R 0x000204e8
R 0x00010150
R 0x00020568
R 0x00010158
R 0x000205e8
R 0x00010160
R 0x00020668
R 0x00010168
R 0x000206e8
R 0x00010170
R 0x00020768
R 0x00010178
R 0x000207e8
W 0x00030170
R 0x00010100
R 0x00020070
R 0x00010108
R 0x000200f0
R 0x00010110
R 0x00020170
R 0x00010118
R 0x000201f0
R 0x00010120
R 0x00020270
R 0x00010128
R 0x000202f0
R 0x00010130
R 0x00020370
R 0x00010138
R 0x000203f0
R 0x00010140
R 0x00020470
R 0x00010148
R 0x000204f0
R 0x00010150
R 0x00020570
R 0x00010158
R 0x000205f0
R 0x00010160
R 0x00020670
R 0x00010168
R 0x000206f0
R 0x00010170
R 0x00020770
R 0x00010178
R 0x000207f0
W 0x00030178
R 0x00010100
R 0x00020078
R 0x00010108
R 0x000200f8
R 0x00010110
R 0x00020178
R 0x00010118
R 0x000201f8
R 0x00010120
R 0x00020278
R 0x00010128
R 0x000202f8
R 0x00010130
R 0x00020378
R 0x00010138
R 0x000203f8
R 0x00010140
R 0x00020478
R 0x00010148
R 0x000204f8
R 0x00010150
R 0x00020578
R 0x00010158
R 0x000205f8
R 0x00010160
R 0x00020678
R 0x00010168
R 0x000206f8
R 0x00010170
R 0x00020778
R 0x00010178
R 0x000207f8
W 0x00030180
R 0x00010180
R 0x00020000
R 0x00010188
R 0x00020080
R 0x00010190
R 0x00020100
R 0x00010198
R 0x00020180
R 0x000101a0
R 0x00020200
R 0x000101a8
R 0x00020280
R 0x000101b0
R 0x00020300
R 0x000101b8
R 0x00020380
R 0x000101c0
R 0x00020400
R 0x000101c8
R 0x00020480
R 0x000101d0
R 0x00020500
R 0x000101d8
R 0x00020580
R 0x000101e0
R 0x00020600
R 0x000101e8
R 0x00020680
R 0x000101f0
R 0x00020700
R 0x000101f8
R 0x00020780
W 0x00030188
R 0x00010180
R 0x00020008
R 0x00010188
R 0x00020088
R 0x00010190
R 0x00020108
R 0x00010198
R 0x00020188
R 0x000101a0
R 0x00020208
R 0x000101a8
R 0x00020288
R 0x000101b0
R 0x00020308
R 0x000101b8
R 0x00020388
R 0x000101c0
R 0x00020408
R 0x000101c8
R 0x00020488
R 0x000101d0
R 0x00020508
R 0x000101d8
R 0x00020588
R 0x000101e0
R 0x00020608
R 0x000101e8
R 0x00020688
R 0x000101f0
R 0x00020708
R 0x000101f8
R 0x00020788
W 0x00030190
R 0x00010180
R 0x00020010
R 0x00010188
R 0x00020090
R 0x00010190
R 0x00020110
R 0x00010198
R 0x00020190
R 0x000101a0
R 0x00020210
R 0x000101a8
R 0x00020290
R 0x000101b0
R 0x00020310
R 0x000101b8
R 0x00020390
R 0x000101c0
R 0x00020410
R 0x000101c8
R 0x00020490
R 0x000101d0
R 0x00020510
R 0x000101d8
R 0x00020590
R 0x000101e0
R 0x00020610
R 0x000101e8
R 0x00020690
R 0x000101f0
R 0x00020710
R 0x000101f8
R 0x00020790
W 0x00030198
R 0x00010180
R 0x00020018
R 0x00010188
R 0x00020098
R 0x00010190
R 0x00020118
R 0x00010198
R 0x00020198
R 0x000101a0
R 0x00020218
R 0x000101a8
R 0x00020298
R 0x000101b0
R 0x00020318
R 0x000101b8
R 0x00020398
R 0x000101c0
R 0x00020418
R 0x000101c8
R 0x00020498
R 0x000101d0
R 0x00020518
R 0x000101d8
R 0x00020598
R 0x000101e0
R 0x00020618
R 0x000101e8
R 0x00020698
R 0x000101f0
R 0x00020718
R 0x000101f8
R 0x00020798
W 0x000301a0
R 0x00010180
R 0x00020020
R 0x00010188
R 0x000200a0
R 0x00010190
R 0x00020120
R 0x00010198
R 0x000201a0
R 0x000101a0
R 0x00020220
R 0x000101a8
R 0x000202a0
R 0x000101b0
R 0x00020320
R 0x000101b8
R 0x000203a0
R 0x000101c0
R 0x00020420
R 0x000101c8
R 0x000204a0
R 0x000101d0
R 0x00020520
R 0x000101d8
R 0x000205a0
R 0x000101e0
R 0x00020620
R 0x000101e8
R 0x000206a0
R 0x000101f0
R 0x00020720
R 0x000101f8
R 0x000207a0
W 0x000301a8
R 0x00010180
R 0x00020028
R 0x00010188
R 0x000200a8
R 0x00010190
R 0x00020128
R 0x00010198
R 0x000201a8
R 0x000101a0
R 0x00020228
R 0x000101a8
R 0x000202a8
R 0x000101b0
R 0x00020328
R 0x000101b8
R 0x000203a8
R 0x000101c0
R 0x00020428
R 0x000101c8
R 0x000204a8
R 0x000101d0
R 0x00020528
R 0x000101d8
R 0x000205a8
R 0x000101e0
R 0x00020628
R 0x000101e8
R 0x000206a8
R 0x000101f0
R 0x00020728
R 0x000101f8
R 0x000207a8
W 0x000301b0
R 0x00010180
R 0x00020030
R 0x00010188
R 0x000200b0
R 0x00010190
R 0x00020130
R 0x00010198
R 0x000201b0
R 0x000101a0
R 0x00020230
R 0x000101a8
R 0x000202b0
R 0x000101b0
R 0x00020330
R 0x000101b8
R 0x000203b0
R 0x000101c0
R 0x00020430
R 0x000101c8
R 0x000204b0
R 0x000101d0
R 0x00020530
R 0x000101d8
R 0x000205b0
R 0x000101e0
R 0x00020630
R 0x000101e8
R 0x000206b0
R 0x000101f0
R 0x00020730
R 0x000101f8
R 0x000207b0
W 0x000301b8
R 0x00010180
R 0x00020038
R 0x00010188
R 0x000200b8
R 0x00010190
R 0x00020138
R 0x00010198
R 0x000201b8
R 0x000101a0
R 0x00020238
R 0x000101a8
R 0x000202b8
R 0x000101b0
R 0x00020338
R 0x000101b8
R 0x000203b8
R 0x000101c0
R 0x00020438
R 0x000101c8
R 0x000204b8
R 0x000101d0
R 0x00020538
R 0x000101d8
R 0x000205b8
R 0x000101e0
R 0x00020638
R 0x000101e8
R 0x000206b8
R 0x000101f0
R 0x00020738
R 0x000101f8
R 0x000207b8
W 0x000301c0
R 0x00010180
R 0x00020040
R 0x00010188
R 0x000200c0
R 0x00010190
R 0x00020140
R 0x00010198
R 0x000201c0
R 0x000101a0
R 0x00020240
R 0x000101a8
R 0x000202c0
R 0x000101b0
R 0x00020340
R 0x000101b8
R 0x000203c0
R 0x000101c0
R 0x00020440
R 0x000101c8
R 0x000204c0
R 0x000101d0
R 0x00020540
R 0x000101d8
R 0x000205c0
R 0x000101e0
R 0x00020640
R 0x000101e8
R 0x000206c0
R 0x000101f0
R 0x00020740
R 0x000101f8
R 0x000207c0
W 0x000301c8
R 0x00010180
R 0x00020048
R 0x00010188
R 0x000200c8
R 0x00010190
R 0x00020148
R 0x00010198
R 0x000201c8
R 0x000101a0
R 0x00020248
R 0x000101a8
R 0x000202c8
R 0x000101b0
R 0x00020348
R 0x000101b8
R 0x000203c8
R 0x000101c0
R 0x00020448
R 0x000101c8
R 0x000204c8
R 0x000101d0
R 0x00020548
R 0x000101d8
R 0x000205c8
R 0x000101e0
R 0x00020648
R 0x000101e8
R 0x000206c8
R 0x000101f0
R 0x00020748
R 0x000101f8
R 0x000207c8
W 0x000301d0
R 0x00010180
R 0x00020050
R 0x00010188
R 0x000200d0
R 0x00010190
R 0x00020150
R 0x00010198
R 0x000201d0
R 0x000101a0
R 0x00020250
R 0x000101a8
R 0x000202d0
R 0x000101b0
R 0x00020350
R 0x000101b8
R 0x000203d0
R 0x000101c0
R 0x00020450
R 0x000101c8
R 0x000204d0
R 0x000101d0
R 0x00020550
R 0x000101d8
R 0x000205d0
R 0x000101e0
R 0x00020650
R 0x000101e8
R 0x000206d0
R 0x000101f0
R 0x00020750
R 0x000101f8
R 0x000207d0
W 0x000301d8
R 0x00010180
R 0x00020058
R 0x00010188
R 0x000200d8
R 0x00010190
R 0x00020158
R 0x00010198
R 0x000201d8
R 0x000101a0
R 0x00020258
R 0x000101a8
R 0x000202d8
R 0x000101b0
R 0x00020358
R 0x000101b8
R 0x000203d8
R 0x000101c0
R 0x00020458
R 0x000101c8
R 0x000204d8
R 0x000101d0
R 0x00020558
R 0x000101d8
R 0x000205d8
R 0x000101e0
R 0x00020658
R 0x000101e8
R 0x000206d8
R 0x000101f0
R 0x00020758
R 0x000101f8
R 0x000207d8
W 0x000301e0
R 0x00010180
R 0x00020060
R 0x00010188
R 0x000200e0
R 0x00010190
R 0x00020160
R 0x00010198
R 0x000201e0
R 0x000101a0
R 0x00020260
R 0x000101a8
R 0x000202e0
R 0x000101b0
R 0x00020360
R 0x000101b8
R 0x000203e0
R 0x000101c0
R 0x00020460
R 0x000101c8
R 0x000204e0
R 0x000101d0
R 0x00020560
R 0x000101d8
R 0x000205e0
R 0x000101e0
R 0x00020660
R 0x000101e8
R 0x000206e0
R 0x000101f0
R 0x00020760
R 0x000101f8
R 0x000207e0
W 0x000301e8
R 0x00010180
R 0x00020068
R 0x00010188
R 0x000200e8
R 0x00010190
R 0x00020168
R 0x00010198
R 0x000201e8
R 0x000101a0
R 0x00020268
R 0x000101a8
R 0x000202e8
R 0x000101b0
R 0x00020368
R 0x000101b8
R 0x000203e8
R 0x000101c0
R 0x00020468
R 0x000101c8
R 0x000204e8
R 0x000101d0
R 0x00020568
R 0x000101d8
R 0x000205e8
R 0x000101e0
R 0x00020668
R 0x000101e8
R 0x000206e8
R 0x000101f0
R 0x00020768
R 0x000101f8
R 0x000207e8
W 0x000301f0
R 0x00010180
R 0x00020070
R 0x00010188
R 0x000200f0
R 0x00010190
R 0x00020170
R 0x00010198
R 0x000201f0
R 0x000101a0
R 0x00020270
R 0x000101a8
R 0x000202f0
R 0x000101b0
R 0x00020370
R 0x000101b8
R 0x000203f0
R 0x000101c0
R 0x00020470
R 0x000101c8
R 0x000204f0
R 0x000101d0
R 0x00020570
R 0x000101d8
R 0x000205f0
R 0x000101e0
R 0x00020670
R 0x000101e8
R 0x000206f0
R 0x000101f0
R 0x00020770
R 0x000101f8
R 0x000207f0
W 0x000301f8
R 0x00010180
R 0x00020078
R 0x00010188
R 0x000200f8
R 0x00010190
R 0x00020178
R 0x00010198
R 0x000201f8
R 0x000101a0
R 0x00020278
R 0x000101a8
R 0x000202f8
R 0x000101b0
R 0x00020378
R 0x000101b8
R 0x000203f8
R 0x000101c0
R 0x00020478
R 0x000101c8
R 0x000204f8
R 0x000101d0
R 0x00020578
R 0x000101d8
R 0x000205f8
R 0x000101e0
R 0x00020678
R 0x000101e8
R 0x000206f8
R 0x000101f0
R 0x00020778
R 0x000101f8
R 0x000207f8
W 0x00030200
R 0x00010200
R 0x00020000
R 0x00010208
R 0x00020080
R 0x00010210
R 0x00020100
R 0x00010218
R 0x00020180
R 0x00010220
R 0x00020200
R 0x00010228
R 0x00020280
R 0x00010230
R 0x00020300
R 0x00010238
R 0x00020380
R 0x00010240
R 0x00020400
R 0x00010248
R 0x00020480
R 0x00010250
R 0x00020500
R 0x00010258
R 0x00020580
R 0x00010260
R 0x00020600
R 0x00010268
R 0x00020680
R 0x00010270
R 0x00020700
R 0x00010278
R 0x00020780
W 0x00030208
R 0x00010200
R 0x00020008
R 0x00010208
R 0x00020088
R 0x00010210
R 0x00020108
R 0x00010218
R 0x00020188
R 0x00010220
R 0x00020208
R 0x00010228
R 0x00020288
R 0x00010230
R 0x00020308
R 0x00010238
R 0x00020388
R 0x00010240
R 0x00020408
R 0x00010248
R 0x00020488
R 0x00010250
R 0x00020508
R 0x00010258
R 0x00020588
R 0x00010260
R 0x00020608
R 0x00010268
R 0x00020688
R 0x00010270
R 0x00020708
R 0x00010278
R 0x00020788
W 0x00030210
R 0x00010200
R 0x00020010
R 0x00010208
R 0x00020090
R 0x00010210
R 0x00020110
R 0x00010218
R 0x00020190
R 0x00010220
R 0x00020210
R 0x00010228
R 0x00020290
R 0x00010230
R 0x00020310
R 0x00010238
R 0x00020390
R 0x00010240
R 0x00020410
R 0x00010248
R 0x00020490
R 0x00010250
R 0x00020510
R 0x00010258
R 0x00020590
R 0x00010260
R 0x00020610
R 0x00010268
R 0x00020690
R 0x00010270
R 0x00020710
R 0x00010278
R 0x00020790
W 0x00030218
R 0x00010200
R 0x00020018
R 0x00010208
R 0x00020098
R 0x00010210
R 0x00020118
R 0x00010218
R 0x00020198
R 0x00010220
R 0x00020218
R 0x00010228
R 0x00020298
R 0x00010230
R 0x00020318
R 0x00010238
R 0x00020398
R 0x00010240
R 0x00020418
R 0x00010248
R 0x00020498
R 0x00010250
R 0x00020518
R 0x00010258
R 0x00020598
R 0x00010260
R 0x00020618
R 0x00010268
R 0x00020698
R 0x00010270
R 0x00020718
R 0x00010278
R 0x00020798
W 0x00030220
R 0x00010200
R 0x00020020
R 0x00010208
R 0x000200a0
R 0x00010210
R 0x00020120
R 0x00010218
R 0x000201a0
R 0x00010220
R 0x00020220
R 0x00010228
R 0x000202a0
R 0x00010230
R 0x00020320
R 0x00010238
R 0x000203a0
R 0x00010240
R 0x00020420
R 0x00010248
R 0x000204a0
R 0x00010250
R 0x00020520
R 0x00010258
R 0x000205a0
R 0x00010260
R 0x00020620
R 0x00010268
R 0x000206a0
R 0x00010270
R 0x00020720
R 0x00010278
R 0x000207a0
W 0x00030228
R 0x00010200
R 0x00020028
R 0x00010208
R 0x000200a8
R 0x00010210
R 0x00020128
R 0x00010218
R 0x000201a8
R 0x00010220
R 0x00020228
R 0x00010228
R 0x000202a8
R 0x00010230
R 0x00020328
R 0x00010238
R 0x000203a8
R 0x00010240
R 0x00020428
R 0x00010248
R 0x000204a8
R 0x00010250
R 0x00020528
R 0x00010258
R 0x000205a8
R 0x00010260
R 0x00020628
R 0x00010268
R 0x000206a8
R 0x00010270
R 0x00020728
R 0x00010278
R 0x000207a8
W 0x00030230
R 0x00010200
R 0x00020030
R 0x00010208
R 0x000200b0
R 0x00010210
R 0x00020130
R 0x00010218
R 0x000201b0
R 0x00010220
R 0x00020230
R 0x00010228
R 0x000202b0
R 0x00010230
R 0x00020330
R 0x00010238
R 0x000203b0
R 0x00010240
R 0x00020430
R 0x00010248
R 0x000204b0
R 0x00010250
R 0x00020530
R 0x00010258
R 0x000205b0
R 0x00010260
R 0x00020630
R 0x00010268
R 0x000206b0
R 0x00010270
R 0x00020730
R 0x00010278
R 0x000207b0
W 0x00030238
R 0x00010200
R 0x00020038
R 0x00010208
R 0x000200b8
R 0x00010210
R 0x00020138
R 0x00010218
R 0x000201b8
R 0x00010220
R 0x00020238
R 0x00010228
R 0x000202b8
R 0x00010230
R 0x00020338
R 0x00010238
R 0x000203b8
R 0x00010240
R 0x00020438
R 0x00010248
R 0x000204b8
R 0x00010250
R 0x00020538
R 0x00010258
R 0x000205b8
R 0x00010260
R 0x00020638
R 0x00010268
R 0x000206b8
R 0x00010270
R 0x00020738
R 0x00010278
R 0x000207b8
W 0x00030240
R 0x00010200
R 0x00020040
R 0x00010208
R 0x000200c0
R 0x00010210
R 0x00020140
R 0x00010218
R 0x000201c0
R 0x00010220
R 0x00020240
R 0x00010228
R 0x000202c0
R 0x00010230
R 0x00020340
R 0x00010238
R 0x000203c0
R 0x00010240
R 0x00020440
R 0x00010248
R 0x000204c0
R 0x00010250
R 0x00020540
R 0x00010258
R 0x000205c0
R 0x00010260
R 0x00020640
R 0x00010268
R 0x000206c0
R 0x00010270
R 0x00020740
R 0x00010278
R 0x000207c0
W 0x00030248
R 0x00010200
R 0x00020048
R 0x00010208
R 0x000200c8
R 0x00010210
R 0x00020148
R 0x00010218
R 0x000201c8
R 0x00010220
R 0x00020248
R 0x00010228
R 0x000202c8
R 0x00010230
R 0x00020348
R 0x00010238
R 0x000203c8
R 0x00010240
R 0x00020448
R 0x00010248
R 0x000204c8
R 0x00010250
R 0x00020548
R 0x00010258
R 0x000205c8
R 0x00010260
R 0x00020648
R 0x00010268
R 0x000206c8
R 0x00010270
R 0x00020748
R 0x00010278
R 0x000207c8
W 0x00030250
R 0x00010200
R 0x00020050
R 0x00010208
R 0x000200d0
R 0x00010210
R 0x00020150
R 0x00010218
R 0x000201d0
R 0x00010220
R 0x00020250
R 0x00010228
R 0x000202d0
R 0x00010230
R 0x00020350
R 0x00010238
R 0x000203d0
R 0x00010240
R 0x00020450
R 0x00010248
R 0x000204d0
R 0x00010250
R 0x00020550
R 0x00010258
R 0x000205d0
R 0x00010260
R 0x00020650
R 0x00010268
R 0x000206d0
R 0x00010270
R 0x00020750
R 0x00010278
R 0x000207d0
W 0x00030258
R 0x00010200
R 0x00020058
R 0x00010208
R 0x000200d8
R 0x00010210
R 0x00020158
R 0x00010218
R 0x000201d8
R 0x00010220
R 0x00020258
R 0x00010228
R 0x000202d8
R 0x00010230
R 0x00020358
R 0x00010238
R 0x000203d8
R 0x00010240
R 0x00020458
R 0x00010248
R 0x000204d8
R 0x00010250
R 0x00020558
R 0x00010258
R 0x000205d8
R 0x00010260
R 0x00020658
R 0x00010268
R 0x000206d8
R 0x00010270
R 0x00020758
R 0x00010278
R 0x000207d8
W 0x00030260
R 0x00010200
R 0x00020060
R 0x00010208
R 0x000200e0
R 0x00010210
R 0x00020160
R 0x00010218
R 0x000201e0
R 0x00010220
R 0x00020260
R 0x00010228
R 0x000202e0
R 0x00010230
R 0x00020360
R 0x00010238
R 0x000203e0
R 0x00010240
R 0x00020460
R 0x00010248
R 0x000204e0
R 0x00010250
R 0x00020560
R 0x00010258
R 0x000205e0
R 0x00010260
R 0x00020660
R 0x00010268
R 0x000206e0
R 0x00010270
R 0x00020760
R 0x00010278
R 0x000207e0
W 0x00030268
R 0x00010200
R 0x00020068
R 0x00010208
R 0x000200e8
R 0x00010210
R 0x00020168
R 0x00010218
R 0x000201e8
R 0x00010220
R 0x00020268
R 0x00010228
R 0x000202e8
R 0x00010230
R 0x00020368
R 0x00010238
R 0x000203e8
R 0x00010240
R 0x00020468
R 0x00010248
R 0x000204e8
R 0x00010250
R 0x00020568
R 0x00010258
R 0x000205e8
R 0x00010260
R 0x00020668
R 0x00010268
R 0x000206e8
R 0x00010270
R 0x00020768
R 0x00010278
R 0x000207e8
W 0x00030270
R 0x00010200
R 0x00020070
R 0x00010208
R 0x000200f0
R 0x00010210
R 0x00020170
R 0x00010218
R 0x000201f0
R 0x00010220
R 0x00020270
R 0x00010228
R 0x000202f0
R 0x00010230
R 0x00020370
R 0x00010238
R 0x000203f0
R 0x00010240
R 0x00020470
R 0x00010248
R 0x000204f0
R 0x00010250
R 0x00020570
R 0x00010258
R 0x000205f0
R 0x00010260
R 0x00020670
R 0x00010268
R 0x000206f0
R 0x00010270
R 0x00020770
R 0x00010278
R 0x000207f0
W 0x00030278
R 0x00010200
R 0x00020078
R 0x00010208
R 0x000200f8
R 0x00010210
R 0x00020178
R 0x00010218
R 0x000201f8
R 0x00010220
R 0x00020278
R 0x00010228
R 0x000202f8
R 0x00010230
R 0x00020378
R 0x00010238
R 0x000203f8
R 0x00010240
R 0x00020478
R 0x00010248
R 0x000204f8
R 0x00010250
R 0x00020578
R 0x00010258
R 0x000205f8
R 0x00010260
R 0x00020678
R 0x00010268
R 0x000206f8
R 0x00010270
R 0x00020778
R 0x00010278
R 0x000207f8
W 0x00030280
R 0x00010280
R 0x00020000
R 0x00010288
R 0x00020080
R 0x00010290
R 0x00020100
R 0x00010298
R 0x00020180
R 0x000102a0
R 0x00020200
R 0x000102a8
R 0x00020280
R 0x000102b0
R 0x00020300
R 0x000102b8
R 0x00020380
R 0x000102c0
R 0x00020400
R 0x000102c8
R 0x00020480
R 0x000102d0
R 0x00020500
R 0x000102d8
R 0x00020580
R 0x000102e0
R 0x00020600
R 0x000102e8
R 0x00020680
R 0x000102f0
R 0x00020700
R 0x000102f8
R 0x00020780
W 0x00030288
R 0x00010280
R 0x00020008
R 0x00010288
R 0x00020088
R 0x00010290
R 0x00020108
R 0x00010298
R 0x00020188
R 0x000102a0
R 0x00020208
R 0x000102a8
R 0x00020288
R 0x000102b0
R 0x00020308
R 0x000102b8
R 0x00020388
R 0x000102c0
R 0x00020408
R 0x000102c8
R 0x00020488
R 0x000102d0
R 0x00020508
R 0x000102d8
R 0x00020588
R 0x000102e0
R 0x00020608
R 0x000102e8
R 0x00020688
R 0x000102f0
R 0x00020708
R 0x000102f8
R 0x00020788
W 0x00030290
R 0x00010280
R 0x00020010
R 0x00010288
R 0x00020090
R 0x00010290
R 0x00020110
R 0x00010298
R 0x00020190
R 0x000102a0
R 0x00020210
R 0x000102a8
R 0x00020290
R 0x000102b0
R 0x00020310
R 0x000102b8
R 0x00020390
R 0x000102c0
R 0x00020410
R 0x000102c8
R 0x00020490
R 0x000102d0
R 0x00020510
R 0x000102d8
R 0x00020590
R 0x000102e0
R 0x00020610
R 0x000102e8
R 0x00020690
R 0x000102f0
R 0x00020710
R 0x000102f8
R 0x00020790
W 0x00030298
R 0x00010280
R 0x00020018
R 0x00010288
R 0x00020098
R 0x00010290
R 0x00020118
R 0x00010298
R 0x00020198
R 0x000102a0
R 0x00020218
R 0x000102a8
R 0x00020298
R 0x000102b0
R 0x00020318
R 0x000102b8
R 0x00020398
R 0x000102c0
R 0x00020418
R 0x000102c8
R 0x00020498
R 0x000102d0
R 0x00020518
R 0x000102d8
R 0x00020598
R 0x000102e0
R 0x00020618
R 0x000102e8
R 0x00020698
R 0x000102f0
R 0x00020718
R 0x000102f8
R 0x00020798
W 0x000302a0
R 0x00010280
R 0x00020020
R 0x00010288
R 0x000200a0
R 0x00010290
R 0x00020120
R 0x00010298
R 0x000201a0
R 0x000102a0
R 0x00020220
R 0x000102a8
R 0x000202a0
R 0x000102b0
R 0x00020320
R 0x000102b8
R 0x000203a0
R 0x000102c0
R 0x00020420
R 0x000102c8
R 0x000204a0
R 0x000102d0
R 0x00020520
R 0x000102d8
R 0x000205a0
R 0x000102e0
R 0x00020620
R 0x000102e8
R 0x000206a0
R 0x000102f0
R 0x00020720
R 0x000102f8
R 0x000207a0
W 0x000302a8
R 0x00010280
R 0x00020028
R 0x00010288
R 0x000200a8
R 0x00010290
R 0x00020128
R 0x00010298
R 0x000201a8
R 0x000102a0
R 0x00020228
R 0x000102a8
R 0x000202a8
R 0x000102b0
R 0x00020328
R 0x000102b8
R 0x000203a8
R 0x000102c0
R 0x00020428
R 0x000102c8
R 0x000204a8
R 0x000102d0
R 0x00020528
R 0x000102d8
R 0x000205a8
R 0x000102e0
R 0x00020628
R 0x000102e8
R 0x000206a8
R 0x000102f0
R 0x00020728
R 0x000102f8
R 0x000207a8
W 0x000302b0
R 0x00010280
R 0x00020030
R 0x00010288
R 0x000200b0
R 0x00010290
R 0x00020130
R 0x00010298
R 0x000201b0
R 0x000102a0
R 0x00020230
R 0x000102a8
R 0x000202b0
R 0x000102b0
R 0x00020330
R 0x000102b8
R 0x000203b0
R 0x000102c0
R 0x00020430
R 0x000102c8
R 0x000204b0
R 0x000102d0
R 0x00020530
R 0x000102d8
R 0x000205b0
R 0x000102e0
R 0x00020630
R 0x000102e8
R 0x000206b0
R 0x000102f0
R 0x00020730
R 0x000102f8
R 0x000207b0
W 0x000302b8
R 0x00010280
R 0x00020038
R 0x00010288
R 0x000200b8
R 0x00010290
R 0x00020138
R 0x00010298
R 0x000201b8
R 0x000102a0
R 0x00020238
R 0x000102a8
R 0x000202b8
R 0x000102b0
R 0x00020338
R 0x000102b8
R 0x000203b8
R 0x000102c0
R 0x00020438
R 0x000102c8
R 0x000204b8
R 0x000102d0
R 0x00020538
R 0x000102d8
R 0x000205b8
R 0x000102e0
R 0x00020638
R 0x000102e8
R 0x000206b8
R 0x000102f0
R 0x00020738
R 0x000102f8
R 0x000207b8
W 0x000302c0
R 0x00010280
R 0x00020040
R 0x00010288
R 0x000200c0
R 0x00010290
R 0x00020140
R 0x00010298
R 0x000201c0
R 0x000102a0
R 0x00020240
R 0x000102a8
R 0x000202c0
R 0x000102b0
R 0x00020340
R 0x000102b8
R 0x000203c0
R 0x000102c0
R 0x00020440
R 0x000102c8
R 0x000204c0
R 0x000102d0
R 0x00020540
R 0x000102d8
R 0x000205c0
R 0x000102e0
R 0x00020640
R 0x000102e8
R 0x000206c0
R 0x000102f0
R 0x00020740
R 0x000102f8
R 0x000207c0
W 0x000302c8
R 0x00010280
R 0x00020048
R 0x00010288
R 0x000200c8
R 0x00010290
R 0x00020148
R 0x00010298
R 0x000201c8
R 0x000102a0
R 0x00020248
R 0x000102a8
R 0x000202c8
R 0x000102b0
R 0x00020348
R 0x000102b8
R 0x000203c8
R 0x000102c0
R 0x00020448
R 0x000102c8
R 0x000204c8
R 0x000102d0
R 0x00020548
R 0x000102d8
R 0x000205c8
R 0x000102e0
R 0x00020648
R 0x000102e8
R 0x000206c8
R 0x000102f0
R 0x00020748
R 0x000102f8
R 0x000207c8
W 0x000302d0
R 0x00010280
R 0x00020050
R 0x00010288
R 0x000200d0
R 0x00010290
R 0x00020150
R 0x00010298
R 0x000201d0
R 0x000102a0
R 0x00020250
R 0x000102a8
R 0x000202d0
R 0x000102b0
R 0x00020350
R 0x000102b8
R 0x000203d0
R 0x000102c0
R 0x00020450
R 0x000102c8
R 0x000204d0
R 0x000102d0
R 0x00020550
R 0x000102d8
R 0x000205d0
R 0x000102e0
R 0x00020650
R 0x000102e8
R 0x000206d0
R 0x000102f0
R 0x00020750
R 0x000102f8
R 0x000207d0
W 0x000302d8
R 0x00010280
R 0x00020058
R 0x00010288
R 0x000200d8
R 0x00010290
R 0x00020158
R 0x00010298
R 0x000201d8
R 0x000102a0
R 0x00020258
R 0x000102a8
R 0x000202d8
R 0x000102b0
R 0x00020358
R 0x000102b8
R 0x000203d8
R 0x000102c0
R 0x00020458
R 0x000102c8
R 0x000204d8
R 0x000102d0
R 0x00020558
R 0x000102d8
R 0x000205d8
R 0x000102e0
R 0x00020658
R 0x000102e8
R 0x000206d8
R 0x000102f0
R 0x00020758
R 0x000102f8
R 0x000207d8
W 0x000302e0
R 0x00010280
R 0x00020060
R 0x00010288
R 0x000200e0
R 0x00010290
R 0x00020160
R 0x00010298
R 0x000201e0
R 0x000102a0
R 0x00020260
R 0x000102a8
R 0x000202e0
R 0x000102b0
R 0x00020360
R 0x000102b8
R 0x000203e0
R 0x000102c0
R 0x00020460
R 0x000102c8
R 0x000204e0
R 0x000102d0
R 0x00020560
R 0x000102d8
R 0x000205e0
R 0x000102e0
R 0x00020660
R 0x000102e8
R 0x000206e0
R 0x000102f0
R 0x00020760
R 0x000102f8
R 0x000207e0
W 0x000302e8
R 0x00010280
R 0x00020068
R 0x00010288
R 0x000200e8
R 0x00010290
R 0x00020168
R 0x00010298
R 0x000201e8
R 0x000102a0
R 0x00020268
R 0x000102a8
R 0x000202e8
R 0x000102b0
R 0x00020368
R 0x000102b8
R 0x000203e8
R 0x000102c0
R 0x00020468
R 0x000102c8
R 0x000204e8
R 0x000102d0
R 0x00020568
R 0x000102d8
R 0x000205e8
R 0x000102e0
R 0x00020668
R 0x000102e8
R 0x000206e8
R 0x000102f0
R 0x00020768
R 0x000102f8
R 0x000207e8
W 0x000302f0
R 0x00010280
R 0x00020070
R 0x00010288
R 0x000200f0
R 0x00010290
R 0x00020170
R 0x00010298
R 0x000201f0
R 0x000102a0
R 0x00020270
R 0x000102a8
R 0x000202f0
R 0x000102b0
R 0x00020370
R 0x000102b8
R 0x000203f0
R 0x000102c0
R 0x00020470
R 0x000102c8
R 0x000204f0
R 0x000102d0
R 0x00020570
R 0x000102d8
R 0x000205f0
R 0x000102e0
R 0x00020670
R 0x000102e8
R 0x000206f0
R 0x000102f0
R 0x00020770
R 0x000102f8
R 0x000207f0
W 0x000302f8
R 0x00010280
R 0x00020078
R 0x00010288
R 0x000200f8
R 0x00010290
R 0x00020178
R 0x00010298
R 0x000201f8
R 0x000102a0
R 0x00020278
R 0x000102a8
R 0x000202f8
R 0x000102b0
R 0x00020378
R 0x000102b8
R 0x000203f8
R 0x000102c0
R 0x00020478
R 0x000102c8
R 0x000204f8
R 0x000102d0
R 0x00020578
R 0x000102d8
R 0x000205f8
R 0x000102e0
R 0x00020678
R 0x000102e8
R 0x000206f8
R 0x000102f0
R 0x00020778
R 0x000102f8
R 0x000207f8
W 0x00030300
R 0x00010300
R 0x00020000
R 0x00010308
R 0x00020080
R 0x00010310
R 0x00020100
R 0x00010318
R 0x00020180
R 0x00010320
R 0x00020200
R 0x00010328
R 0x00020280
R 0x00010330
R 0x00020300
R 0x00010338
R 0x00020380
R 0x00010340
R 0x00020400
R 0x00010348
R 0x00020480
R 0x00010350
R 0x00020500
R 0x00010358
R 0x00020580
R 0x00010360
R 0x00020600
R 0x00010368
R 0x00020680
R 0x00010370
R 0x00020700
R 0x00010378
R 0x00020780
W 0x00030308
R 0x00010300
R 0x00020008
R 0x00010308
R 0x00020088
R 0x00010310
R 0x00020108
R 0x00010318
R 0x00020188
R 0x00010320
R 0x00020208
R 0x00010328
R 0x00020288
R 0x00010330
R 0x00020308
R 0x00010338
R 0x00020388
R 0x00010340
R 0x00020408
R 0x00010348
R 0x00020488
R 0x00010350
R 0x00020508
R 0x00010358
R 0x00020588
R 0x00010360
R 0x00020608
R 0x00010368
R 0x00020688
R 0x00010370
R 0x00020708
R 0x00010378
R 0x00020788
W 0x00030310
R 0x00010300
R 0x00020010
R 0x00010308
R 0x00020090
R 0x00010310
R 0x00020110
R 0x00010318
R 0x00020190
R 0x00010320
R 0x00020210
R 0x00010328
R 0x00020290
R 0x00010330
R 0x00020310
R 0x00010338
R 0x00020390
R 0x00010340
R 0x00020410
R 0x00010348
R 0x00020490
R 0x00010350
R 0x00020510
R 0x00010358
R 0x00020590
R 0x00010360
R 0x00020610
R 0x00010368
R 0x00020690
R 0x00010370
R 0x00020710
R 0x00010378
R 0x00020790
W 0x00030318
R 0x00010300
R 0x00020018
R 0x00010308
R 0x00020098
R 0x00010310
R 0x00020118
R 0x00010318
R 0x00020198
R 0x00010320
R 0x00020218
R 0x00010328
R 0x00020298
R 0x00010330
R 0x00020318
R 0x00010338
R 0x00020398
R 0x00010340
R 0x00020418
R 0x00010348
R 0x00020498
R 0x00010350
R 0x00020518
R 0x00010358
R 0x00020598
R 0x00010360
R 0x00020618
R 0x00010368
R 0x00020698
R 0x00010370
R 0x00020718
R 0x00010378
R 0x00020798
W 0x00030320
R 0x00010300
R 0x00020020
R 0x00010308
R 0x000200a0
R 0x00010310
R 0x00020120
R 0x00010318
R 0x000201a0
R 0x00010320
R 0x00020220
R 0x00010328
R 0x000202a0
R 0x00010330
R 0x00020320
R 0x00010338
R 0x000203a0
R 0x00010340
R 0x00020420
R 0x00010348
R 0x000204a0
R 0x00010350
R 0x00020520
R 0x00010358
R 0x000205a0
R 0x00010360
R 0x00020620
R 0x00010368
R 0x000206a0
R 0x00010370
R 0x00020720
R 0x00010378
R 0x000207a0
W 0x00030328
R 0x00010300
R 0x00020028
R 0x00010308
R 0x000200a8
R 0x00010310
R 0x00020128
R 0x00010318
R 0x000201a8
R 0x00010320
R 0x00020228
R 0x00010328
R 0x000202a8
R 0x00010330
R 0x00020328
R 0x00010338
R 0x000203a8
R 0x00010340
R 0x00020428
R 0x00010348
R 0x000204a8
R 0x00010350
R 0x00020528
R 0x00010358
R 0x000205a8
R 0x00010360
R 0x00020628
R 0x00010368
R 0x000206a8
R 0x00010370
R 0x00020728
R 0x00010378
R 0x000207a8
W 0x00030330
R 0x00010300
R 0x00020030
R 0x00010308
R 0x000200b0
R 0x00010310
R 0x00020130
R 0x00010318
R 0x000201b0
R 0x00010320
R 0x00020230
R 0x00010328
R 0x000202b0
R 0x00010330
R 0x00020330
R 0x00010338
R 0x000203b0
R 0x00010340
R 0x00020430
R 0x00010348
R 0x000204b0
R 0x00010350
R 0x00020530
R 0x00010358
R 0x000205b0
R 0x00010360
R 0x00020630
R 0x00010368
R 0x000206b0
R 0x00010370
R 0x00020730
R 0x00010378
R 0x000207b0
W 0x00030338
R 0x00010300
R 0x00020038
R 0x00010308
R 0x000200b8
R 0x00010310
R 0x00020138
R 0x00010318
R 0x000201b8
R 0x00010320
R 0x00020238
R 0x00010328
R 0x000202b8
R 0x00010330
R 0x00020338
R 0x00010338
R 0x000203b8
R 0x00010340
R 0x00020438
R 0x00010348
R 0x000204b8
R 0x00010350
R 0x00020538
R 0x00010358
R 0x000205b8
R 0x00010360
R 0x00020638
R 0x00010368
R 0x000206b8
R 0x00010370
R 0x00020738
R 0x00010378
R 0x000207b8
W 0x00030340
R 0x00010300
R 0x00020040
R 0x00010308
R 0x000200c0
R 0x00010310
R 0x00020140
R 0x00010318
R 0x000201c0
R 0x00010320
R 0x00020240
R 0x00010328
R 0x000202c0
R 0x00010330
R 0x00020340
R 0x00010338
R 0x000203c0
R 0x00010340
R 0x00020440
R 0x00010348
R 0x000204c0
R 0x00010350
R 0x00020540
R 0x00010358
R 0x000205c0
R 0x00010360
R 0x00020640
R 0x00010368
R 0x000206c0
R 0x00010370
R 0x00020740
R 0x00010378
R 0x000207c0
W 0x00030348
R 0x00010300
R 0x00020048
R 0x00010308
R 0x000200c8
R 0x00010310
R 0x00020148
R 0x00010318
R 0x000201c8
R 0x00010320
R 0x00020248
R 0x00010328
R 0x000202c8
R 0x00010330
R 0x00020348
R 0x00010338
R 0x000203c8
R 0x00010340
R 0x00020448
R 0x00010348
R 0x000204c8
R 0x00010350
R 0x00020548
R 0x00010358
R 0x000205c8
R 0x00010360
R 0x00020648
R 0x00010368
R 0x000206c8
R 0x00010370
R 0x00020748
R 0x00010378
R 0x000207c8
W 0x00030350
R 0x00010300
R 0x00020050
R 0x00010308
R 0x000200d0
R 0x00010310
R 0x00020150
R 0x00010318
R 0x000201d0
R 0x00010320
R 0x00020250
R 0x00010328
R 0x000202d0
R 0x00010330
R 0x00020350
R 0x00010338
R 0x000203d0
R 0x00010340
R 0x00020450
R 0x00010348
R 0x000204d0
R 0x00010350
R 0x00020550
R 0x00010358
R 0x000205d0
R 0x00010360
R 0x00020650
R 0x00010368
R 0x000206d0
R 0x00010370
R 0x00020750
R 0x00010378
R 0x000207d0
W 0x00030358
R 0x00010300
R 0x00020058
R 0x00010308
R 0x000200d8
R 0x00010310
R 0x00020158
R 0x00010318
R 0x000201d8
R 0x00010320
R 0x00020258
R 0x00010328
R 0x000202d8
R 0x00010330
R 0x00020358
R 0x00010338
R 0x000203d8
R 0x00010340
R 0x00020458
R 0x00010348
R 0x000204d8
R 0x00010350
R 0x00020558
R 0x00010358
R 0x000205d8
R 0x00010360
R 0x00020658
R 0x00010368
R 0x000206d8
R 0x00010370
R 0x00020758
R 0x00010378
R 0x000207d8
W 0x00030360
R 0x00010300
R 0x00020060
R 0x00010308
R 0x000200e0
R 0x00010310
R 0x00020160
R 0x00010318
R 0x000201e0
R 0x00010320
R 0x00020260
R 0x00010328
R 0x000202e0
R 0x00010330
R 0x00020360
R 0x00010338
R 0x000203e0
R 0x00010340
R 0x00020460
R 0x00010348
R 0x000204e0
R 0x00010350
R 0x00020560
R 0x00010358
R 0x000205e0
R 0x00010360
R 0x00020660
R 0x00010368
R 0x000206e0
R 0x00010370
R 0x00020760
R 0x00010378
R 0x000207e0
W 0x00030368
R 0x00010300
R 0x00020068
R 0x00010308
R 0x000200e8
R 0x00010310
R 0x00020168
R 0x00010318
R 0x000201e8
R 0x00010320
R 0x00020268
R 0x00010328
R 0x000202e8
R 0x00010330
R 0x00020368
R 0x00010338
R 0x000203e8
R 0x00010340
R 0x00020468
R 0x00010348
R 0x000204e8
R 0x00010350
R 0x00020568
R 0x00010358
R 0x000205e8
R 0x00010360
R 0x00020668
R 0x00010368
R 0x000206e8
R 0x00010370
R 0x00020768
R 0x00010378
R 0x000207e8
W 0x00030370
R 0x00010300
R 0x00020070
R 0x00010308
R 0x000200f0
R 0x00010310
R 0x00020170
R 0x00010318
R 0x000201f0
R 0x00010320
R 0x00020270
R 0x00010328
R 0x000202f0
R 0x00010330
R 0x00020370
R 0x00010338
R 0x000203f0
R 0x00010340
R 0x00020470
R 0x00010348
R 0x000204f0
R 0x00010350
R 0x00020570
R 0x00010358
R 0x000205f0
R 0x00010360
R 0x00020670
R 0x00010368
R 0x000206f0
R 0x00010370
R 0x00020770
R 0x00010378
R 0x000207f0
W 0x00030378
R 0x00010300
R 0x00020078
R 0x00010308
R 0x000200f8
R 0x00010310
R 0x00020178
R 0x00010318
R 0x000201f8
R 0x00010320
R 0x00020278
R 0x00010328
R 0x000202f8
R 0x00010330
R 0x00020378
R 0x00010338
R 0x000203f8
R 0x00010340
R 0x00020478
R 0x00010348
R 0x000204f8
R 0x00010350
R 0x00020578
R 0x00010358
R 0x000205f8
R 0x00010360
R 0x00020678
R 0x00010368
R 0x000206f8
R 0x00010370
R 0x00020778
R 0x00010378
R 0x000207f8
W 0x00030380
R 0x00010380
R 0x00020000
R 0x00010388
R 0x00020080
R 0x00010390
R 0x00020100
R 0x00010398
R 0x00020180
R 0x000103a0
R 0x00020200
R 0x000103a8
R 0x00020280
R 0x000103b0
R 0x00020300
R 0x000103b8
R 0x00020380
R 0x000103c0
R 0x00020400
R 0x000103c8
R 0x00020480
R 0x000103d0
R 0x00020500
R 0x000103d8
R 0x00020580
R 0x000103e0
R 0x00020600
R 0x000103e8
R 0x00020680
R 0x000103f0
R 0x00020700
R 0x000103f8
R 0x00020780
W 0x00030388
R 0x00010380
R 0x00020008
R 0x00010388
R 0x00020088
R 0x00010390
R 0x00020108
R 0x00010398
R 0x00020188
R 0x000103a0
R 0x00020208
R 0x000103a8
R 0x00020288
R 0x000103b0
R 0x00020308
R 0x000103b8
R 0x00020388
R 0x000103c0
R 0x00020408
R 0x000103c8
R 0x00020488
R 0x000103d0
R 0x00020508
R 0x000103d8
R 0x00020588
R 0x000103e0
R 0x00020608
R 0x000103e8
R 0x00020688
R 0x000103f0
R 0x00020708
R 0x000103f8
R 0x00020788
W 0x00030390
R 0x00010380
R 0x00020010
R 0x00010388
R 0x00020090
R 0x00010390
R 0x00020110
R 0x00010398
R 0x00020190
R 0x000103a0
R 0x00020210
R 0x000103a8
R 0x00020290
R 0x000103b0
R 0x00020310
R 0x000103b8
R 0x00020390
R 0x000103c0
R 0x00020410
R 0x000103c8
R 0x00020490
R 0x000103d0
R 0x00020510
R 0x000103d8
R 0x00020590
R 0x000103e0
R 0x00020610
R 0x000103e8
R 0x00020690
R 0x000103f0
R 0x00020710
R 0x000103f8
R 0x00020790
W 0x00030398
R 0x00010380
R 0x00020018
R 0x00010388
R 0x00020098
R 0x00010390
R 0x00020118
R 0x00010398
R 0x00020198
R 0x000103a0
R 0x00020218
R 0x000103a8
R 0x00020298
R 0x000103b0
R 0x00020318
R 0x000103b8
R 0x00020398
R 0x000103c0
R 0x00020418
R 0x000103c8
R 0x00020498
R 0x000103d0
R 0x00020518
R 0x000103d8
R 0x00020598
R 0x000103e0
R 0x00020618
R 0x000103e8
R 0x00020698
R 0x000103f0
R 0x00020718
R 0x000103f8
R 0x00020798
W 0x000303a0
R 0x00010380
R 0x00020020
R 0x00010388
R 0x000200a0
R 0x00010390
R 0x00020120
R 0x00010398
R 0x000201a0
R 0x000103a0
R 0x00020220
R 0x000103a8
R 0x000202a0
R 0x000103b0
R 0x00020320
R 0x000103b8
R 0x000203a0
R 0x000103c0
R 0x00020420
R 0x000103c8
R 0x000204a0
R 0x000103d0
R 0x00020520
R 0x000103d8
R 0x000205a0
R 0x000103e0
R 0x00020620
R 0x000103e8
R 0x000206a0
R 0x000103f0
R 0x00020720
R 0x000103f8
R 0x000207a0
W 0x000303a8
R 0x00010380
R 0x00020028
R 0x00010388
R 0x000200a8
R 0x00010390
R 0x00020128
R 0x00010398
R 0x000201a8
R 0x000103a0
R 0x00020228
R 0x000103a8
R 0x000202a8
R 0x000103b0
R 0x00020328
R 0x000103b8
R 0x000203a8
R 0x000103c0
R 0x00020428
R 0x000103c8
R 0x000204a8
R 0x000103d0
R 0x00020528
R 0x000103d8
R 0x000205a8
R 0x000103e0
R 0x00020628
R 0x000103e8
R 0x000206a8
R 0x000103f0
R 0x00020728
R 0x000103f8
R 0x000207a8
W 0x000303b0
R 0x00010380
R 0x00020030
R 0x00010388
R 0x000200b0
R 0x00010390
R 0x00020130
R 0x00010398
R 0x000201b0
R 0x000103a0
R 0x00020230
R 0x000103a8
R 0x000202b0
R 0x000103b0
R 0x00020330
R 0x000103b8
R 0x000203b0
R 0x000103c0
R 0x00020430
R 0x000103c8
R 0x000204b0
R 0x000103d0
R 0x00020530
R 0x000103d8
R 0x000205b0
R 0x000103e0
R 0x00020630
R 0x000103e8
R 0x000206b0
R 0x000103f0
R 0x00020730
R 0x000103f8
R 0x000207b0
W 0x000303b8
R 0x00010380
R 0x00020038
R 0x00010388
R 0x000200b8
R 0x00010390
R 0x00020138
R 0x00010398
R 0x000201b8
R 0x000103a0
R 0x00020238
R 0x000103a8
R 0x000202b8
R 0x000103b0
R 0x00020338
R 0x000103b8
R 0x000203b8
R 0x000103c0
R 0x00020438
R 0x000103c8
R 0x000204b8
R 0x000103d0
R 0x00020538
R 0x000103d8
R 0x000205b8
R 0x000103e0
R 0x00020638
R 0x000103e8
R 0x000206b8
R 0x000103f0
R 0x00020738
R 0x000103f8
R 0x000207b8
W 0x000303c0
R 0x00010380
R 0x00020040
R 0x00010388
R 0x000200c0
R 0x00010390
R 0x00020140
R 0x00010398
R 0x000201c0
R 0x000103a0
R 0x00020240
R 0x000103a8
R 0x000202c0
R 0x000103b0
R 0x00020340
R 0x000103b8
R 0x000203c0
R 0x000103c0
R 0x00020440
R 0x000103c8
R 0x000204c0
R 0x000103d0
R 0x00020540
R 0x000103d8
R 0x000205c0
R 0x000103e0
R 0x00020640
R 0x000103e8
R 0x000206c0
R 0x000103f0
R 0x00020740
R 0x000103f8
R 0x000207c0
W 0x000303c8
R 0x00010380
R 0x00020048
R 0x00010388
R 0x000200c8
R 0x00010390
R 0x00020148
R 0x00010398
R 0x000201c8
R 0x000103a0
R 0x00020248
R 0x000103a8
R 0x000202c8
R 0x000103b0
R 0x00020348
R 0x000103b8
R 0x000203c8
R 0x000103c0
R 0x00020448
R 0x000103c8
R 0x000204c8
R 0x000103d0
R 0x00020548
R 0x000103d8
R 0x000205c8
R 0x000103e0
R 0x00020648
R 0x000103e8
R 0x000206c8
R 0x000103f0
R 0x00020748
R 0x000103f8
R 0x000207c8
W 0x000303d0
R 0x00010380
R 0x00020050
R 0x00010388
R 0x000200d0
R 0x00010390
R 0x00020150
R 0x00010398
R 0x000201d0
R 0x000103a0
R 0x00020250
R 0x000103a8
R 0x000202d0
R 0x000103b0
R 0x00020350
R 0x000103b8
R 0x000203d0
R 0x000103c0
R 0x00020450
R 0x000103c8
R 0x000204d0
R 0x000103d0
R 0x00020550
R 0x000103d8
R 0x000205d0
R 0x000103e0
R 0x00020650
R 0x000103e8
R 0x000206d0
R 0x000103f0
R 0x00020750
R 0x000103f8
R 0x000207d0
W 0x000303d8
R 0x00010380
R 0x00020058
R 0x00010388
R 0x000200d8
R 0x00010390
R 0x00020158
R 0x00010398
R 0x000201d8
R 0x000103a0
R 0x00020258
R 0x000103a8
R 0x000202d8
R 0x000103b0
R 0x00020358
R 0x000103b8
R 0x000203d8
R 0x000103c0
R 0x00020458
R 0x000103c8
R 0x000204d8
R 0x000103d0
R 0x00020558
R 0x000103d8
R 0x000205d8
R 0x000103e0
R 0x00020658
R 0x000103e8
R 0x000206d8
R 0x000103f0
R 0x00020758
R 0x000103f8
R 0x000207d8
W 0x000303e0
R 0x00010380
R 0x00020060
R 0x00010388
R 0x000200e0
R 0x00010390
R 0x00020160
R 0x00010398
R 0x000201e0
R 0x000103a0
R 0x00020260
R 0x000103a8
R 0x000202e0
R 0x000103b0
R 0x00020360
R 0x000103b8
R 0x000203e0
R 0x000103c0
R 0x00020460
R 0x000103c8
R 0x000204e0
R 0x000103d0
R 0x00020560
R 0x000103d8
R 0x000205e0
R 0x000103e0
R 0x00020660
R 0x000103e8
R 0x000206e0
R 0x000103f0
R 0x00020760
R 0x000103f8
R 0x000207e0
W 0x000303e8
R 0x00010380
R 0x00020068
R 0x00010388
R 0x000200e8
R 0x00010390
R 0x00020168
R 0x00010398
R 0x000201e8
R 0x000103a0
R 0x00020268
R 0x000103a8
R 0x000202e8
R 0x000103b0
R 0x00020368
R 0x000103b8
R 0x000203e8
R 0x000103c0
R 0x00020468
R 0x000103c8
R 0x000204e8
R 0x000103d0
R 0x00020568
R 0x000103d8
R 0x000205e8
R 0x000103e0
R 0x00020668
R 0x000103e8
R 0x000206e8
R 0x000103f0
R 0x00020768
R 0x000103f8
R 0x000207e8
W 0x000303f0
R 0x00010380
R 0x00020070
R 0x00010388
R 0x000200f0
R 0x00010390
R 0x00020170
R 0x00010398
R 0x000201f0
R 0x000103a0
R 0x00020270
R 0x000103a8
R 0x000202f0
R 0x000103b0
R 0x00020370
R 0x000103b8
R 0x000203f0
R 0x000103c0
R 0x00020470
R 0x000103c8
R 0x000204f0
R 0x000103d0
R 0x00020570
R 0x000103d8
R 0x000205f0
R 0x000103e0
R 0x00020670
R 0x000103e8
R 0x000206f0
R 0x000103f0
R 0x00020770
R 0x000103f8
R 0x000207f0
W 0x000303f8
R 0x00010380
R 0x00020078
R 0x00010388
R 0x000200f8
R 0x00010390
R 0x00020178
R 0x00010398
R 0x000201f8
R 0x000103a0
R 0x00020278
R 0x000103a8
R 0x000202f8
R 0x000103b0
R 0x00020378
R 0x000103b8
R 0x000203f8
R 0x000103c0
R 0x00020478
R 0x000103c8
R 0x000204f8
R 0x000103d0
R 0x00020578
R 0x000103d8
R 0x000205f8
R 0x000103e0
R 0x00020678
R 0x000103e8
R 0x000206f8
R 0x000103f0
R 0x00020778
R 0x000103f8
R 0x000207f8
W 0x00030400
R 0x00010400
R 0x00020000
R 0x00010408
R 0x00020080
R 0x00010410
R 0x00020100
R 0x00010418
R 0x00020180
R 0x00010420
R 0x00020200
R 0x00010428
R 0x00020280
R 0x00010430
R 0x00020300
R 0x00010438
R 0x00020380
R 0x00010440
R 0x00020400
R 0x00010448
R 0x00020480
R 0x00010450
R 0x00020500
R 0x00010458
R 0x00020580
R 0x00010460
R 0x00020600
R 0x00010468
R 0x00020680
R 0x00010470
R 0x00020700
R 0x00010478
R 0x00020780
W 0x00030408
R 0x00010400
R 0x00020008
R 0x00010408
R 0x00020088
R 0x00010410
R 0x00020108
R 0x00010418
R 0x00020188
R 0x00010420
R 0x00020208
R 0x00010428
R 0x00020288
R 0x00010430
R 0x00020308
R 0x00010438
R 0x00020388
R 0x00010440
R 0x00020408
R 0x00010448
R 0x00020488
R 0x00010450
R 0x00020508
R 0x00010458
R 0x00020588
R 0x00010460
R 0x00020608
R 0x00010468
R 0x00020688
R 0x00010470
R 0x00020708
R 0x00010478
R 0x00020788
W 0x00030410
R 0x00010400
R 0x00020010
R 0x00010408
R 0x00020090
R 0x00010410
R 0x00020110
R 0x00010418
R 0x00020190
R 0x00010420
R 0x00020210
R 0x00010428
R 0x00020290
R 0x00010430
R 0x00020310
R 0x00010438
R 0x00020390
R 0x00010440
R 0x00020410
R 0x00010448
R 0x00020490
R 0x00010450
R 0x00020510
R 0x00010458
R 0x00020590
R 0x00010460
R 0x00020610
R 0x00010468
R 0x00020690
R 0x00010470
R 0x00020710
R 0x00010478
R 0x00020790
W 0x00030418
R 0x00010400
R 0x00020018
R 0x00010408
R 0x00020098
R 0x00010410
R 0x00020118
R 0x00010418
R 0x00020198
R 0x00010420
R 0x00020218
R 0x00010428
R 0x00020298
R 0x00010430
R 0x00020318
R 0x00010438
R 0x00020398
R 0x00010440
R 0x00020418
R 0x00010448
R 0x00020498
R 0x00010450
R 0x00020518
R 0x00010458
R 0x00020598
R 0x00010460
R 0x00020618
R 0x00010468
R 0x00020698
R 0x00010470
R 0x00020718
R 0x00010478
R 0x00020798
W 0x00030420
R 0x00010400
R 0x00020020
R 0x00010408
R 0x000200a0
R 0x00010410
R 0x00020120
R 0x00010418
R 0x000201a0
R 0x00010420
R 0x00020220
R 0x00010428
R 0x000202a0
R 0x00010430
R 0x00020320
R 0x00010438
R 0x000203a0
R 0x00010440
R 0x00020420
R 0x00010448
R 0x000204a0
R 0x00010450
R 0x00020520
R 0x00010458
R 0x000205a0
R 0x00010460
R 0x00020620
R 0x00010468
R 0x000206a0
R 0x00010470
R 0x00020720
R 0x00010478
R 0x000207a0
W 0x00030428
R 0x00010400
R 0x00020028
R 0x00010408
R 0x000200a8
R 0x00010410
R 0x00020128
R 0x00010418
R 0x000201a8
R 0x00010420
R 0x00020228
R 0x00010428
R 0x000202a8
R 0x00010430
R 0x00020328
R 0x00010438
R 0x000203a8
R 0x00010440
R 0x00020428
R 0x00010448
R 0x000204a8
R 0x00010450
R 0x00020528
R 0x00010458
R 0x000205a8
R 0x00010460
R 0x00020628
R 0x00010468
R 0x000206a8
R 0x00010470
R 0x00020728
R 0x00010478
R 0x000207a8
W 0x00030430
R 0x00010400
R 0x00020030
R 0x00010408
R 0x000200b0
R 0x00010410
R 0x00020130
R 0x00010418
R 0x000201b0
R 0x00010420
R 0x00020230
R 0x00010428
R 0x000202b0
R 0x00010430
R 0x00020330
R 0x00010438
R 0x000203b0
R 0x00010440
R 0x00020430
R 0x00010448
R 0x000204b0
R 0x00010450
R 0x00020530
R 0x00010458
R 0x000205b0
R 0x00010460
R 0x00020630
R 0x00010468
R 0x000206b0
R 0x00010470
R 0x00020730
R 0x00010478
R 0x000207b0
W 0x00030438
R 0x00010400
R 0x00020038
R 0x00010408
R 0x000200b8
R 0x00010410
R 0x00020138
R 0x00010418
R 0x000201b8
R 0x00010420
R 0x00020238
R 0x00010428
R 0x000202b8
R 0x00010430
R 0x00020338
R 0x00010438
R 0x000203b8
R 0x00010440
R 0x00020438
R 0x00010448
R 0x000204b8
R 0x00010450
R 0x00020538
R 0x00010458
R 0x000205b8
R 0x00010460
R 0x00020638
R 0x00010468
R 0x000206b8
R 0x00010470
R 0x00020738
R 0x00010478
R 0x000207b8
W 0x00030440
R 0x00010400
R 0x00020040
R 0x00010408
R 0x000200c0
R 0x00010410
R 0x00020140
R 0x00010418
R 0x000201c0
R 0x00010420
R 0x00020240
R 0x00010428
R 0x000202c0
R 0x00010430
R 0x00020340
R 0x00010438
R 0x000203c0
R 0x00010440
R 0x00020440
R 0x00010448
R 0x000204c0
R 0x00010450
R 0x00020540
R 0x00010458
R 0x000205c0
R 0x00010460
R 0x00020640
R 0x00010468
R 0x000206c0
R 0x00010470
R 0x00020740
R 0x00010478
R 0x000207c0
W 0x00030448
R 0x00010400
R 0x00020048
R 0x00010408
R 0x000200c8
R 0x00010410
R 0x00020148
R 0x00010418
R 0x000201c8
R 0x00010420
R 0x00020248
R 0x00010428
R 0x000202c8
R 0x00010430
R 0x00020348
R 0x00010438
R 0x000203c8
R 0x00010440
R 0x00020448
R 0x00010448
R 0x000204c8
R 0x00010450
R 0x00020548
R 0x00010458
R 0x000205c8
R 0x00010460
R 0x00020648
R 0x00010468
R 0x000206c8
R 0x00010470
R 0x00020748
R 0x00010478
R 0x000207c8
W 0x00030450
R 0x00010400
R 0x00020050
R 0x00010408
R 0x000200d0
R 0x00010410
R 0x00020150
R 0x00010418
R 0x000201d0
R 0x00010420
R 0x00020250
R 0x00010428
R 0x000202d0
R 0x00010430
R 0x00020350
R 0x00010438
R 0x000203d0
R 0x00010440
R 0x00020450
R 0x00010448
R 0x000204d0
R 0x00010450
R 0x00020550
R 0x00010458
R 0x000205d0
R 0x00010460
R 0x00020650
R 0x00010468
R 0x000206d0
R 0x00010470
R 0x00020750
R 0x00010478
R 0x000207d0
W 0x00030458
R 0x00010400
R 0x00020058
R 0x00010408
R 0x000200d8
R 0x00010410
R 0x00020158
R 0x00010418
R 0x000201d8
R 0x00010420
R 0x00020258
R 0x00010428
R 0x000202d8
R 0x00010430
R 0x00020358
R 0x00010438
R 0x000203d8
R 0x00010440
R 0x00020458
R 0x00010448
R 0x000204d8
R 0x00010450
R 0x00020558
R 0x00010458
R 0x000205d8
R 0x00010460
R 0x00020658
R 0x00010468
R 0x000206d8
R 0x00010470
R 0x00020758
R 0x00010478
R 0x000207d8
W 0x00030460
R 0x00010400
R 0x00020060
R 0x00010408
R 0x000200e0
R 0x00010410
R 0x00020160
R 0x00010418
R 0x000201e0
R 0x00010420
R 0x00020260
R 0x00010428
R 0x000202e0
R 0x00010430
R 0x00020360
R 0x00010438
R 0x000203e0
R 0x00010440
R 0x00020460
R 0x00010448
R 0x000204e0
R 0x00010450
R 0x00020560
R 0x00010458
R 0x000205e0
R 0x00010460
R 0x00020660
R 0x00010468
R 0x000206e0
R 0x00010470
R 0x00020760
R 0x00010478
R 0x000207e0
W 0x00030468
R 0x00010400
R 0x00020068
R 0x00010408
R 0x000200e8
R 0x00010410
R 0x00020168
R 0x00010418
R 0x000201e8
R 0x00010420
R 0x00020268
R 0x00010428
R 0x000202e8
R 0x00010430
R 0x00020368
R 0x00010438
R 0x000203e8
R 0x00010440
R 0x00020468
R 0x00010448
R 0x000204e8
R 0x00010450
R 0x00020568
R 0x00010458
R 0x000205e8
R 0x00010460
R 0x00020668
R 0x00010468
R 0x000206e8
R 0x00010470
R 0x00020768
R 0x00010478
R 0x000207e8
W 0x00030470
R 0x00010400
R 0x00020070
R 0x00010408
R 0x000200f0
R 0x00010410
R 0x00020170
R 0x00010418
R 0x000201f0
R 0x00010420
R 0x00020270
R 0x00010428
R 0x000202f0
R 0x00010430
R 0x00020370
R 0x00010438
R 0x000203f0
R 0x00010440
R 0x00020470
R 0x00010448
R 0x000204f0
R 0x00010450
R 0x00020570
R 0x00010458
R 0x000205f0
R 0x00010460
R 0x00020670
R 0x00010468
R 0x000206f0
R 0x00010470
R 0x00020770
R 0x00010478
R 0x000207f0
W 0x00030478
R 0x00010400
R 0x00020078
R 0x00010408
R 0x000200f8
R 0x00010410
R 0x00020178
R 0x00010418
R 0x000201f8
R 0x00010420
R 0x00020278
R 0x00010428
R 0x000202f8
R 0x00010430
R 0x00020378
R 0x00010438
R 0x000203f8
R 0x00010440
R 0x00020478
R 0x00010448
R 0x000204f8
R 0x00010450
R 0x00020578
R 0x00010458
R 0x000205f8
R 0x00010460
R 0x00020678
R 0x00010468
R 0x000206f8
R 0x00010470
R 0x00020778
R 0x00010478
R 0x000207f8
W 0x00030480
R 0x00010480
R 0x00020000
R 0x00010488
R 0x00020080
R 0x00010490
R 0x00020100
R 0x00010498
R 0x00020180
R 0x000104a0
R 0x00020200
R 0x000104a8
R 0x00020280
R 0x000104b0
R 0x00020300
R 0x000104b8
R 0x00020380
R 0x000104c0
R 0x00020400
R 0x000104c8
R 0x00020480
R 0x000104d0
R 0x00020500
R 0x000104d8
R 0x00020580
R 0x000104e0
R 0x00020600
R 0x000104e8
R 0x00020680
R 0x000104f0
R 0x00020700
R 0x000104f8
R 0x00020780
W 0x00030488
R 0x00010480
R 0x00020008
R 0x00010488
R 0x00020088
R 0x00010490
R 0x00020108
R 0x00010498
R 0x00020188
R 0x000104a0
R 0x00020208
R 0x000104a8
R 0x00020288
R 0x000104b0
R 0x00020308
R 0x000104b8
R 0x00020388
R 0x000104c0
R 0x00020408
R 0x000104c8
R 0x00020488
R 0x000104d0
R 0x00020508
R 0x000104d8
R 0x00020588
R 0x000104e0
R 0x00020608
R 0x000104e8
R 0x00020688
R 0x000104f0
R 0x00020708
R 0x000104f8
R 0x00020788
W 0x00030490
R 0x00010480
R 0x00020010
R 0x00010488
R 0x00020090
R 0x00010490
R 0x00020110
R 0x00010498
R 0x00020190
R 0x000104a0
R 0x00020210
R 0x000104a8
R 0x00020290
R 0x000104b0
R 0x00020310
R 0x000104b8
R 0x00020390
R 0x000104c0
R 0x00020410
R 0x000104c8
R 0x00020490
R 0x000104d0
R 0x00020510
R 0x000104d8
R 0x00020590
R 0x000104e0
R 0x00020610
R 0x000104e8
R 0x00020690
R 0x000104f0
R 0x00020710
R 0x000104f8
R 0x00020790
W 0x00030498
R 0x00010480
R 0x00020018
R 0x00010488
R 0x00020098
R 0x00010490
R 0x00020118
R 0x00010498
R 0x00020198
R 0x000104a0
R 0x00020218
R 0x000104a8
R 0x00020298
R 0x000104b0
R 0x00020318
R 0x000104b8
R 0x00020398
R 0x000104c0
R 0x00020418
R 0x000104c8
R 0x00020498
R 0x000104d0
R 0x00020518
R 0x000104d8
R 0x00020598
R 0x000104e0
R 0x00020618
R 0x000104e8
R 0x00020698
R 0x000104f0
R 0x00020718
R 0x000104f8
R 0x00020798
W 0x000304a0
R 0x00010480
R 0x00020020
R 0x00010488
R 0x000200a0
R 0x00010490
R 0x00020120
R 0x00010498
R 0x000201a0
R 0x000104a0
R 0x00020220
R 0x000104a8
R 0x000202a0
R 0x000104b0
R 0x00020320
R 0x000104b8
R 0x000203a0
R 0x000104c0
R 0x00020420
R 0x000104c8
R 0x000204a0
R 0x000104d0
R 0x00020520
R 0x000104d8
R 0x000205a0
R 0x000104e0
R 0x00020620
R 0x000104e8
R 0x000206a0
R 0x000104f0
R 0x00020720
R 0x000104f8
R 0x000207a0
W 0x000304a8
R 0x00010480
R 0x00020028
R 0x00010488
R 0x000200a8
R 0x00010490
R 0x00020128
R 0x00010498
R 0x000201a8
R 0x000104a0
R 0x00020228
R 0x000104a8
R 0x000202a8
R 0x000104b0
R 0x00020328
R 0x000104b8
R 0x000203a8
R 0x000104c0
R 0x00020428
R 0x000104c8
R 0x000204a8
R 0x000104d0
R 0x00020528
R 0x000104d8
R 0x000205a8
R 0x000104e0
R 0x00020628
R 0x000104e8
R 0x000206a8
R 0x000104f0
R 0x00020728
R 0x000104f8
R 0x000207a8
W 0x000304b0
R 0x00010480
R 0x00020030
R 0x00010488
R 0x000200b0
R 0x00010490
R 0x00020130
R 0x00010498
R 0x000201b0
R 0x000104a0
R 0x00020230
R 0x000104a8
R 0x000202b0
R 0x000104b0
R 0x00020330
R 0x000104b8
R 0x000203b0
R 0x000104c0
R 0x00020430
R 0x000104c8
R 0x000204b0
R 0x000104d0
R 0x00020530
R 0x000104d8
R 0x000205b0
R 0x000104e0
R 0x00020630
R 0x000104e8
R 0x000206b0
R 0x000104f0
R 0x00020730
R 0x000104f8
R 0x000207b0
W 0x000304b8
R 0x00010480
R 0x00020038
R 0x00010488
R 0x000200b8
R 0x00010490
R 0x00020138
R 0x00010498
R 0x000201b8
R 0x000104a0
R 0x00020238
R 0x000104a8
R 0x000202b8
R 0x000104b0
R 0x00020338
R 0x000104b8
R 0x000203b8
R 0x000104c0
R 0x00020438
R 0x000104c8
R 0x000204b8
R 0x000104d0
R 0x00020538
R 0x000104d8
R 0x000205b8
R 0x000104e0
R 0x00020638
R 0x000104e8
R 0x000206b8
R 0x000104f0
R 0x00020738
R 0x000104f8
R 0x000207b8
W 0x000304c0
R 0x00010480
R 0x00020040
R 0x00010488
R 0x000200c0
R 0x00010490
R 0x00020140
R 0x00010498
R 0x000201c0
R 0x000104a0
R 0x00020240
R 0x000104a8
R 0x000202c0
R 0x000104b0
R 0x00020340
R 0x000104b8
R 0x000203c0
R 0x000104c0
R 0x00020440
R 0x000104c8
R 0x000204c0
R 0x000104d0
R 0x00020540
R 0x000104d8
R 0x000205c0
R 0x000104e0
R 0x00020640
R 0x000104e8
R 0x000206c0
R 0x000104f0
R 0x00020740
R 0x000104f8
R 0x000207c0
W 0x000304c8
R 0x00010480
R 0x00020048
R 0x00010488
R 0x000200c8
R 0x00010490
R 0x00020148
R 0x00010498
R 0x000201c8
R 0x000104a0
R 0x00020248
R 0x000104a8
R 0x000202c8
R 0x000104b0
R 0x00020348
R 0x000104b8
R 0x000203c8
R 0x000104c0
R 0x00020448
R 0x000104c8
R 0x000204c8
R 0x000104d0
R 0x00020548
R 0x000104d8
R 0x000205c8
R 0x000104e0
R 0x00020648
R 0x000104e8
R 0x000206c8
R 0x000104f0
R 0x00020748
R 0x000104f8
R 0x000207c8
W 0x000304d0
R 0x00010480
R 0x00020050
R 0x00010488
R 0x000200d0
R 0x00010490
R 0x00020150
R 0x00010498
R 0x000201d0
R 0x000104a0
R 0x00020250
R 0x000104a8
R 0x000202d0
R 0x000104b0
R 0x00020350
R 0x000104b8
R 0x000203d0
R 0x000104c0
R 0x00020450
R 0x000104c8
R 0x000204d0
R 0x000104d0
R 0x00020550
R 0x000104d8
R 0x000205d0
R 0x000104e0
R 0x00020650
R 0x000104e8
R 0x000206d0
R 0x000104f0
R 0x00020750
R 0x000104f8
R 0x000207d0
W 0x000304d8
R 0x00010480
R 0x00020058
R 0x00010488
R 0x000200d8
R 0x00010490
R 0x00020158
R 0x00010498
R 0x000201d8
R 0x000104a0
R 0x00020258
R 0x000104a8
R 0x000202d8
R 0x000104b0
R 0x00020358
R 0x000104b8
R 0x000203d8
R 0x000104c0
R 0x00020458
R 0x000104c8
R 0x000204d8
R 0x000104d0
R 0x00020558
R 0x000104d8
R 0x000205d8
R 0x000104e0
R 0x00020658
R 0x000104e8
R 0x000206d8
R 0x000104f0
R 0x00020758
R 0x000104f8
R 0x000207d8
W 0x000304e0
R 0x00010480
R 0x00020060
R 0x00010488
R 0x000200e0
R 0x00010490
R 0x00020160
R 0x00010498
R 0x000201e0
R 0x000104a0
R 0x00020260
R 0x000104a8
R 0x000202e0
R 0x000104b0
R 0x00020360
R 0x000104b8
R 0x000203e0
R 0x000104c0
R 0x00020460
R 0x000104c8
R 0x000204e0
R 0x000104d0
R 0x00020560
R 0x000104d8
R 0x000205e0
R 0x000104e0
R 0x00020660
R 0x000104e8
R 0x000206e0
R 0x000104f0
R 0x00020760
R 0x000104f8
R 0x000207e0
W 0x000304e8
R 0x00010480
R 0x00020068
R 0x00010488
R 0x000200e8
R 0x00010490
R 0x00020168
R 0x00010498
R 0x000201e8
R 0x000104a0
R 0x00020268
R 0x000104a8
R 0x000202e8
R 0x000104b0
R 0x00020368
R 0x000104b8
R 0x000203e8
R 0x000104c0
R 0x00020468
R 0x000104c8
R 0x000204e8
R 0x000104d0
R 0x00020568
R 0x000104d8
R 0x000205e8
R 0x000104e0
R 0x00020668
R 0x000104e8
R 0x000206e8
R 0x000104f0
R 0x00020768
R 0x000104f8
R 0x000207e8
W 0x000304f0
R 0x00010480
R 0x00020070
R 0x00010488
R 0x000200f0
R 0x00010490
R 0x00020170
R 0x00010498
R 0x000201f0
R 0x000104a0
R 0x00020270
R 0x000104a8
R 0x000202f0
R 0x000104b0
R 0x00020370
R 0x000104b8
R 0x000203f0
R 0x000104c0
R 0x00020470
R 0x000104c8
R 0x000204f0
R 0x000104d0
R 0x00020570
R 0x000104d8
R 0x000205f0
R 0x000104e0
R 0x00020670
R 0x000104e8
R 0x000206f0
R 0x000104f0
R 0x00020770
R 0x000104f8
R 0x000207f0
W 0x000304f8
R 0x00010480
R 0x00020078
R 0x00010488
R 0x000200f8
R 0x00010490
R 0x00020178
R 0x00010498
R 0x000201f8
R 0x000104a0
R 0x00020278
R 0x000104a8
R 0x000202f8
R 0x000104b0
R 0x00020378
R 0x000104b8
R 0x000203f8
R 0x000104c0
R 0x00020478
R 0x000104c8
R 0x000204f8
R 0x000104d0
R 0x00020578
R 0x000104d8
R 0x000205f8
R 0x000104e0
R 0x00020678
R 0x000104e8
R 0x000206f8
R 0x000104f0
R 0x00020778
R 0x000104f8
R 0x000207f8
W 0x00030500
R 0x00010500
R 0x00020000
R 0x00010508
R 0x00020080
R 0x00010510
R 0x00020100
R 0x00010518
R 0x00020180
R 0x00010520
R 0x00020200
R 0x00010528
R 0x00020280
R 0x00010530
R 0x00020300
R 0x00010538
R 0x00020380
R 0x00010540
R 0x00020400
R 0x00010548
R 0x00020480
R 0x00010550
R 0x00020500
R 0x00010558
R 0x00020580
R 0x00010560
R 0x00020600
R 0x00010568
R 0x00020680
R 0x00010570
R 0x00020700
R 0x00010578
R 0x00020780
W 0x00030508
R 0x00010500
R 0x00020008
R 0x00010508
R 0x00020088
R 0x00010510
R 0x00020108
R 0x00010518
R 0x00020188
R 0x00010520
R 0x00020208
R 0x00010528
R 0x00020288
R 0x00010530
R 0x00020308
R 0x00010538
R 0x00020388
R 0x00010540
R 0x00020408
R 0x00010548
R 0x00020488
R 0x00010550
R 0x00020508
R 0x00010558
R 0x00020588
R 0x00010560
R 0x00020608
R 0x00010568
R 0x00020688
R 0x00010570
R 0x00020708
R 0x00010578
R 0x00020788
W 0x00030510
R 0x00010500
R 0x00020010
R 0x00010508
R 0x00020090
R 0x00010510
R 0x00020110
R 0x00010518
R 0x00020190
R 0x00010520
R 0x00020210
R 0x00010528
R 0x00020290
R 0x00010530
R 0x00020310
R 0x00010538
R 0x00020390
R 0x00010540
R 0x00020410
R 0x00010548
R 0x00020490
R 0x00010550
R 0x00020510
R 0x00010558
R 0x00020590
R 0x00010560
R 0x00020610
R 0x00010568
R 0x00020690
R 0x00010570
R 0x00020710
R 0x00010578
R 0x00020790
W 0x00030518
R 0x00010500
R 0x00020018
R 0x00010508
R 0x00020098
R 0x00010510
R 0x00020118
R 0x00010518
R 0x00020198
R 0x00010520
R 0x00020218
R 0x00010528
R 0x00020298
R 0x00010530
R 0x00020318
R 0x00010538
R 0x00020398
R 0x00010540
R 0x00020418
R 0x00010548
R 0x00020498
R 0x00010550
R 0x00020518
R 0x00010558
R 0x00020598
R 0x00010560
R 0x00020618
R 0x00010568
R 0x00020698
R 0x00010570
R 0x00020718
R 0x00010578
R 0x00020798
W 0x00030520
R 0x00010500
R 0x00020020
R 0x00010508
R 0x000200a0
R 0x00010510
R 0x00020120
R 0x00010518
R 0x000201a0
R 0x00010520
R 0x00020220
R 0x00010528
R 0x000202a0
R 0x00010530
R 0x00020320
R 0x00010538
R 0x000203a0
R 0x00010540
R 0x00020420
R 0x00010548
R 0x000204a0
R 0x00010550
R 0x00020520
R 0x00010558
R 0x000205a0
R 0x00010560
R 0x00020620
R 0x00010568
R 0x000206a0
R 0x00010570
R 0x00020720
R 0x00010578
R 0x000207a0
W 0x00030528
R 0x00010500
R 0x00020028
R 0x00010508
R 0x000200a8
R 0x00010510
R 0x00020128
R 0x00010518
R 0x000201a8
R 0x00010520
R 0x00020228
R 0x00010528
R 0x000202a8
R 0x00010530
R 0x00020328
R 0x00010538
R 0x000203a8
R 0x00010540
R 0x00020428
R 0x00010548
R 0x000204a8
R 0x00010550
R 0x00020528
R 0x00010558
R 0x000205a8
R 0x00010560
R 0x00020628
R 0x00010568
R 0x000206a8
R 0x00010570
R 0x00020728
R 0x00010578
R 0x000207a8
W 0x00030530
R 0x00010500
R 0x00020030
R 0x00010508
R 0x000200b0
R 0x00010510
R 0x00020130
R 0x00010518
R 0x000201b0
R 0x00010520
R 0x00020230
R 0x00010528
R 0x000202b0
R 0x00010530
R 0x00020330
R 0x00010538
R 0x000203b0
R 0x00010540
R 0x00020430
R 0x00010548
R 0x000204b0
R 0x00010550
R 0x00020530
R 0x00010558
R 0x000205b0
R 0x00010560
R 0x00020630
R 0x00010568
R 0x000206b0
R 0x00010570
R 0x00020730
R 0x00010578
R 0x000207b0
W 0x00030538
R 0x00010500
R 0x00020038
R 0x00010508
R 0x000200b8
R 0x00010510
R 0x00020138
R 0x00010518
R 0x000201b8
R 0x00010520
R 0x00020238
R 0x00010528
R 0x000202b8
R 0x00010530
R 0x00020338
R 0x00010538
R 0x000203b8
R 0x00010540
R 0x00020438
R 0x00010548
R 0x000204b8
R 0x00010550
R 0x00020538
R 0x00010558
R 0x000205b8
R 0x00010560
R 0x00020638
R 0x00010568
R 0x000206b8
R 0x00010570
R 0x00020738
R 0x00010578
R 0x000207b8
W 0x00030540
R 0x00010500
R 0x00020040
R 0x00010508
R 0x000200c0
R 0x00010510
R 0x00020140
R 0x00010518
R 0x000201c0
R 0x00010520
R 0x00020240
R 0x00010528
R 0x000202c0
R 0x00010530
R 0x00020340
R 0x00010538
R 0x000203c0
R 0x00010540
R 0x00020440
R 0x00010548
R 0x000204c0
R 0x00010550
R 0x00020540
R 0x00010558
R 0x000205c0
R 0x00010560
R 0x00020640
R 0x00010568
R 0x000206c0
R 0x00010570
R 0x00020740
R 0x00010578
R 0x000207c0
W 0x00030548
R 0x00010500
R 0x00020048
R 0x00010508
R 0x000200c8
R 0x00010510
R 0x00020148
R 0x00010518
R 0x000201c8
R 0x00010520
R 0x00020248
R 0x00010528
R 0x000202c8
R 0x00010530
R 0x00020348
R 0x00010538
R 0x000203c8
R 0x00010540
R 0x00020448
R 0x00010548
R 0x000204c8
R 0x00010550
R 0x00020548
R 0x00010558
R 0x000205c8
R 0x00010560
R 0x00020648
R 0x00010568
R 0x000206c8
R 0x00010570
R 0x00020748
R 0x00010578
R 0x000207c8
W 0x00030550
R 0x00010500
R 0x00020050
R 0x00010508
R 0x000200d0
R 0x00010510
R 0x00020150
R 0x00010518
R 0x000201d0
R 0x00010520
R 0x00020250
R 0x00010528
R 0x000202d0
R 0x00010530
R 0x00020350
R 0x00010538
R 0x000203d0
R 0x00010540
R 0x00020450
R 0x00010548
R 0x000204d0
R 0x00010550
R 0x00020550
R 0x00010558
R 0x000205d0
R 0x00010560
R 0x00020650
R 0x00010568
R 0x000206d0
R 0x00010570
R 0x00020750
R 0x00010578
R 0x000207d0
W 0x00030558
R 0x00010500
R 0x00020058
R 0x00010508
R 0x000200d8
R 0x00010510
R 0x00020158
R 0x00010518
R 0x000201d8
R 0x00010520
R 0x00020258
R 0x00010528
R 0x000202d8
R 0x00010530
R 0x00020358
R 0x00010538
R 0x000203d8
R 0x00010540
R 0x00020458
R 0x00010548
R 0x000204d8
R 0x00010550
R 0x00020558
R 0x00010558
R 0x000205d8
R 0x00010560
R 0x00020658
R 0x00010568
R 0x000206d8
R 0x00010570
R 0x00020758
R 0x00010578
R 0x000207d8
W 0x00030560
R 0x00010500
R 0x00020060
R 0x00010508
R 0x000200e0
R 0x00010510
R 0x00020160
R 0x00010518
R 0x000201e0
R 0x00010520
R 0x00020260
R 0x00010528
R 0x000202e0
R 0x00010530
R 0x00020360
R 0x00010538
R 0x000203e0
R 0x00010540
R 0x00020460
R 0x00010548
R 0x000204e0
R 0x00010550
R 0x00020560
R 0x00010558
R 0x000205e0
R 0x00010560
R 0x00020660
R 0x00010568
R 0x000206e0
R 0x00010570
R 0x00020760
R 0x00010578
R 0x000207e0
W 0x00030568
R 0x00010500
R 0x00020068
R 0x00010508
R 0x000200e8
R 0x00010510
R 0x00020168
R 0x00010518
R 0x000201e8
R 0x00010520
R 0x00020268
R 0x00010528
R 0x000202e8
R 0x00010530
R 0x00020368
R 0x00010538
R 0x000203e8
R 0x00010540
R 0x00020468
R 0x00010548
R 0x000204e8
R 0x00010550
R 0x00020568
R 0x00010558
R 0x000205e8
R 0x00010560
R 0x00020668
R 0x00010568
R 0x000206e8
R 0x00010570
R 0x00020768
R 0x00010578
R 0x000207e8
W 0x00030570
R 0x00010500
R 0x00020070
R 0x00010508
R 0x000200f0
R 0x00010510
R 0x00020170
R 0x00010518
R 0x000201f0
R 0x00010520
R 0x00020270
R 0x00010528
R 0x000202f0
R 0x00010530
R 0x00020370
R 0x00010538
R 0x000203f0
R 0x00010540
R 0x00020470
R 0x00010548
R 0x000204f0
R 0x00010550
R 0x00020570
R 0x00010558
R 0x000205f0
R 0x00010560
R 0x00020670
R 0x00010568
R 0x000206f0
R 0x00010570
R 0x00020770
R 0x00010578
R 0x000207f0
W 0x00030578
R 0x00010500
R 0x00020078
R 0x00010508
R 0x000200f8
R 0x00010510
R 0x00020178
R 0x00010518
R 0x000201f8
R 0x00010520
R 0x00020278
R 0x00010528
R 0x000202f8
R 0x00010530
R 0x00020378
R 0x00010538
R 0x000203f8
R 0x00010540
R 0x00020478
R 0x00010548
R 0x000204f8
R 0x00010550
R 0x00020578
R 0x00010558
R 0x000205f8
R 0x00010560
R 0x00020678
R 0x00010568
R 0x000206f8
R 0x00010570
R 0x00020778
R 0x00010578
R 0x000207f8
W 0x00030580
R 0x00010580
R 0x00020000
R 0x00010588
R 0x00020080
R 0x00010590
R 0x00020100
R 0x00010598
R 0x00020180
R 0x000105a0
R 0x00020200
R 0x000105a8
R 0x00020280
R 0x000105b0
R 0x00020300
R 0x000105b8
R 0x00020380
R 0x000105c0
R 0x00020400
R 0x000105c8
R 0x00020480
R 0x000105d0
R 0x00020500
R 0x000105d8
R 0x00020580
R 0x000105e0
R 0x00020600
R 0x000105e8
R 0x00020680
R 0x000105f0
R 0x00020700
R 0x000105f8
R 0x00020780
W 0x00030588
R 0x00010580
R 0x00020008
R 0x00010588
R 0x00020088
R 0x00010590
R 0x00020108
R 0x00010598
R 0x00020188
R 0x000105a0
R 0x00020208
R 0x000105a8
R 0x00020288
R 0x000105b0
R 0x00020308
R 0x000105b8
R 0x00020388
R 0x000105c0
R 0x00020408
R 0x000105c8
R 0x00020488
R 0x000105d0
R 0x00020508
R 0x000105d8
R 0x00020588
R 0x000105e0
R 0x00020608
R 0x000105e8
R 0x00020688
R 0x000105f0
R 0x00020708
R 0x000105f8
R 0x00020788
W 0x00030590
R 0x00010580
R 0x00020010
R 0x00010588
R 0x00020090
R 0x00010590
R 0x00020110
R 0x00010598
R 0x00020190
R 0x000105a0
R 0x00020210
R 0x000105a8
R 0x00020290
R 0x000105b0
R 0x00020310
R 0x000105b8
R 0x00020390
R 0x000105c0
R 0x00020410
R 0x000105c8
R 0x00020490
R 0x000105d0
R 0x00020510
R 0x000105d8
R 0x00020590
R 0x000105e0
R 0x00020610
R 0x000105e8
R 0x00020690
R 0x000105f0
R 0x00020710
R 0x000105f8
R 0x00020790
W 0x00030598
R 0x00010580
R 0x00020018
R 0x00010588
R 0x00020098
R 0x00010590
R 0x00020118
R 0x00010598
R 0x00020198
R 0x000105a0
R 0x00020218
R 0x000105a8
R 0x00020298
R 0x000105b0
R 0x00020318
R 0x000105b8
R 0x00020398
R 0x000105c0
R 0x00020418
R 0x000105c8
R 0x00020498
R 0x000105d0
R 0x00020518
R 0x000105d8
R 0x00020598
R 0x000105e0
R 0x00020618
R 0x000105e8
R 0x00020698
R 0x000105f0
R 0x00020718
R 0x000105f8
R 0x00020798
W 0x000305a0
R 0x00010580
R 0x00020020
R 0x00010588
R 0x000200a0
R 0x00010590
R 0x00020120
R 0x00010598
R 0x000201a0
R 0x000105a0
R 0x00020220
R 0x000105a8
R 0x000202a0
R 0x000105b0
R 0x00020320
R 0x000105b8
R 0x000203a0
R 0x000105c0
R 0x00020420
R 0x000105c8
R 0x000204a0
R 0x000105d0
R 0x00020520
R 0x000105d8
R 0x000205a0
R 0x000105e0
R 0x00020620
R 0x000105e8
R 0x000206a0
R 0x000105f0
R 0x00020720
R 0x000105f8
R 0x000207a0
W 0x000305a8
R 0x00010580
R 0x00020028
R 0x00010588
R 0x000200a8
R 0x00010590
R 0x00020128
R 0x00010598
R 0x000201a8
R 0x000105a0
R 0x00020228
R 0x000105a8
R 0x000202a8
R 0x000105b0
R 0x00020328
R 0x000105b8
R 0x000203a8
R 0x000105c0
R 0x00020428
R 0x000105c8
R 0x000204a8
R 0x000105d0
R 0x00020528
R 0x000105d8
R 0x000205a8
R 0x000105e0
R 0x00020628
R 0x000105e8
R 0x000206a8
R 0x000105f0
R 0x00020728
R 0x000105f8
R 0x000207a8
W 0x000305b0
R 0x00010580
R 0x00020030
R 0x00010588
R 0x000200b0
R 0x00010590
R 0x00020130
R 0x00010598
R 0x000201b0
R 0x000105a0
R 0x00020230
R 0x000105a8
R 0x000202b0
R 0x000105b0
R 0x00020330
R 0x000105b8
R 0x000203b0
R 0x000105c0
R 0x00020430
R 0x000105c8
R 0x000204b0
R 0x000105d0
R 0x00020530
R 0x000105d8
R 0x000205b0
R 0x000105e0
R 0x00020630
R 0x000105e8
R 0x000206b0
R 0x000105f0
R 0x00020730
R 0x000105f8
R 0x000207b0
W 0x000305b8
R 0x00010580
R 0x00020038
R 0x00010588
R 0x000200b8
R 0x00010590
R 0x00020138
R 0x00010598
R 0x000201b8
R 0x000105a0
R 0x00020238
R 0x000105a8
R 0x000202b8
R 0x000105b0
R 0x00020338
R 0x000105b8
R 0x000203b8
R 0x000105c0
R 0x00020438
R 0x000105c8
R 0x000204b8
R 0x000105d0
R 0x00020538
R 0x000105d8
R 0x000205b8
R 0x000105e0
R 0x00020638
R 0x000105e8
R 0x000206b8
R 0x000105f0
R 0x00020738
R 0x000105f8
R 0x000207b8
W 0x000305c0
R 0x00010580
R 0x00020040
R 0x00010588
R 0x000200c0
R 0x00010590
R 0x00020140
R 0x00010598
R 0x000201c0
R 0x000105a0
R 0x00020240
R 0x000105a8
R 0x000202c0
R 0x000105b0
R 0x00020340
R 0x000105b8
R 0x000203c0
R 0x000105c0
R 0x00020440
R 0x000105c8
R 0x000204c0
R 0x000105d0
R 0x00020540
R 0x000105d8
R 0x000205c0
R 0x000105e0
R 0x00020640
R 0x000105e8
R 0x000206c0
R 0x000105f0
R 0x00020740
R 0x000105f8
R 0x000207c0
W 0x000305c8
R 0x00010580
R 0x00020048
R 0x00010588
R 0x000200c8
R 0x00010590
R 0x00020148
R 0x00010598
R 0x000201c8
R 0x000105a0
R 0x00020248
R 0x000105a8
R 0x000202c8
R 0x000105b0
R 0x00020348
R 0x000105b8
R 0x000203c8
R 0x000105c0
R 0x00020448
R 0x000105c8
R 0x000204c8
R 0x000105d0
R 0x00020548
R 0x000105d8
R 0x000205c8
R 0x000105e0
R 0x00020648
R 0x000105e8
R 0x000206c8
R 0x000105f0
R 0x00020748
R 0x000105f8
R 0x000207c8
W 0x000305d0
R 0x00010580
R 0x00020050
R 0x00010588
R 0x000200d0
R 0x00010590
R 0x00020150
R 0x00010598
R 0x000201d0
R 0x000105a0
R 0x00020250
R 0x000105a8
R 0x000202d0
R 0x000105b0
R 0x00020350
R 0x000105b8
R 0x000203d0
R 0x000105c0
R 0x00020450
R 0x000105c8
R 0x000204d0
R 0x000105d0
R 0x00020550
R 0x000105d8
R 0x000205d0
R 0x000105e0
R 0x00020650
R 0x000105e8
R 0x000206d0
R 0x000105f0
R 0x00020750
R 0x000105f8
R 0x000207d0
W 0x000305d8
R 0x00010580
R 0x00020058
R 0x00010588
R 0x000200d8
R 0x00010590
R 0x00020158
R 0x00010598
R 0x000201d8
R 0x000105a0
R 0x00020258
R 0x000105a8
R 0x000202d8
R 0x000105b0
R 0x00020358
R 0x000105b8
R 0x000203d8
R 0x000105c0
R 0x00020458
R 0x000105c8
R 0x000204d8
R 0x000105d0
R 0x00020558
R 0x000105d8
R 0x000205d8
R 0x000105e0
R 0x00020658
R 0x000105e8
R 0x000206d8
R 0x000105f0
R 0x00020758
R 0x000105f8
R 0x000207d8
W 0x000305e0
R 0x00010580
R 0x00020060
R 0x00010588
R 0x000200e0
R 0x00010590
R 0x00020160
R 0x00010598
R 0x000201e0
R 0x000105a0
R 0x00020260
R 0x000105a8
R 0x000202e0
R 0x000105b0
R 0x00020360
R 0x000105b8
R 0x000203e0
R 0x000105c0
R 0x00020460
R 0x000105c8
R 0x000204e0
R 0x000105d0
R 0x00020560
R 0x000105d8
R 0x000205e0
R 0x000105e0
R 0x00020660
R 0x000105e8
R 0x000206e0
R 0x000105f0
R 0x00020760
R 0x000105f8
R 0x000207e0
W 0x000305e8
R 0x00010580
R 0x00020068
R 0x00010588
R 0x000200e8
R 0x00010590
R 0x00020168
R 0x00010598
R 0x000201e8
R 0x000105a0
R 0x00020268
R 0x000105a8
R 0x000202e8
R 0x000105b0
R 0x00020368
R 0x000105b8
R 0x000203e8
R 0x000105c0
R 0x00020468
R 0x000105c8
R 0x000204e8
R 0x000105d0
R 0x00020568
R 0x000105d8
R 0x000205e8
R 0x000105e0
R 0x00020668
R 0x000105e8
R 0x000206e8
R 0x000105f0
R 0x00020768
R 0x000105f8
R 0x000207e8
W 0x000305f0
R 0x00010580
R 0x00020070
R 0x00010588
R 0x000200f0
R 0x00010590
R 0x00020170
R 0x00010598
R 0x000201f0
R 0x000105a0
R 0x00020270
R 0x000105a8
R 0x000202f0
R 0x000105b0
R 0x00020370
R 0x000105b8
R 0x000203f0
R 0x000105c0
R 0x00020470
R 0x000105c8
R 0x000204f0
R 0x000105d0
R 0x00020570
R 0x000105d8
R 0x000205f0
R 0x000105e0
R 0x00020670
R 0x000105e8
R 0x000206f0
R 0x000105f0
R 0x00020770
R 0x000105f8
R 0x000207f0
W 0x000305f8
R 0x00010580
R 0x00020078
R 0x00010588
R 0x000200f8
R 0x00010590
R 0x00020178
R 0x00010598
R 0x000201f8
R 0x000105a0
R 0x00020278
R 0x000105a8
R 0x000202f8
R 0x000105b0
R 0x00020378
R 0x000105b8
R 0x000203f8
R 0x000105c0
R 0x00020478
R 0x000105c8
R 0x000204f8
R 0x000105d0
R 0x00020578
R 0x000105d8
R 0x000205f8
R 0x000105e0
R 0x00020678
R 0x000105e8
R 0x000206f8
R 0x000105f0
R 0x00020778
R 0x000105f8
R 0x000207f8
W 0x00030600
R 0x00010600
R 0x00020000
R 0x00010608
R 0x00020080
R 0x00010610
R 0x00020100
R 0x00010618
R 0x00020180
R 0x00010620
R 0x00020200
R 0x00010628
R 0x00020280
R 0x00010630
R 0x00020300
R 0x00010638
R 0x00020380
R 0x00010640
R 0x00020400
R 0x00010648
R 0x00020480
R 0x00010650
R 0x00020500
R 0x00010658
R 0x00020580
R 0x00010660
R 0x00020600
R 0x00010668
R 0x00020680
R 0x00010670
R 0x00020700
R 0x00010678
R 0x00020780
W 0x00030608
R 0x00010600
R 0x00020008
R 0x00010608
R 0x00020088
R 0x00010610
R 0x00020108
R 0x00010618
R 0x00020188
R 0x00010620
R 0x00020208
R 0x00010628
R 0x00020288
R 0x00010630
R 0x00020308
R 0x00010638
R 0x00020388
R 0x00010640
R 0x00020408
R 0x00010648
R 0x00020488
R 0x00010650
R 0x00020508
R 0x00010658
R 0x00020588
R 0x00010660
R 0x00020608
R 0x00010668
R 0x00020688
R 0x00010670
R 0x00020708
R 0x00010678
R 0x00020788
W 0x00030610
R 0x00010600
R 0x00020010
R 0x00010608
R 0x00020090
R 0x00010610
R 0x00020110
R 0x00010618
R 0x00020190
R 0x00010620
R 0x00020210
R 0x00010628
R 0x00020290
R 0x00010630
R 0x00020310
R 0x00010638
R 0x00020390
R 0x00010640
R 0x00020410
R 0x00010648
R 0x00020490
R 0x00010650
R 0x00020510
R 0x00010658
R 0x00020590
R 0x00010660
R 0x00020610
R 0x00010668
R 0x00020690
R 0x00010670
R 0x00020710
R 0x00010678
R 0x00020790
W 0x00030618
R 0x00010600
R 0x00020018
R 0x00010608
R 0x00020098
R 0x00010610
R 0x00020118
R 0x00010618
R 0x00020198
R 0x00010620
R 0x00020218
R 0x00010628
R 0x00020298
R 0x00010630
R 0x00020318
R 0x00010638
R 0x00020398
R 0x00010640
R 0x00020418
R 0x00010648
R 0x00020498
R 0x00010650
R 0x00020518
R 0x00010658
R 0x00020598
R 0x00010660
R 0x00020618
R 0x00010668
R 0x00020698
R 0x00010670
R 0x00020718
R 0x00010678
R 0x00020798
W 0x00030620
R 0x00010600
R 0x00020020
R 0x00010608
R 0x000200a0
R 0x00010610
R 0x00020120
R 0x00010618
R 0x000201a0
R 0x00010620
R 0x00020220
R 0x00010628
R 0x000202a0
R 0x00010630
R 0x00020320
R 0x00010638
R 0x000203a0
R 0x00010640
R 0x00020420
R 0x00010648
R 0x000204a0
R 0x00010650
R 0x00020520
R 0x00010658
R 0x000205a0
R 0x00010660
R 0x00020620
R 0x00010668
R 0x000206a0
R 0x00010670
R 0x00020720
R 0x00010678
R 0x000207a0
W 0x00030628
R 0x00010600
R 0x00020028
R 0x00010608
R 0x000200a8
R 0x00010610
R 0x00020128
R 0x00010618
R 0x000201a8
R 0x00010620
R 0x00020228
R 0x00010628
R 0x000202a8
R 0x00010630
R 0x00020328
R 0x00010638
R 0x000203a8
R 0x00010640
R 0x00020428
R 0x00010648
R 0x000204a8
R 0x00010650
R 0x00020528
R 0x00010658
R 0x000205a8
R 0x00010660
R 0x00020628
R 0x00010668
R 0x000206a8
R 0x00010670
R 0x00020728
R 0x00010678
R 0x000207a8
W 0x00030630
R 0x00010600
R 0x00020030
R 0x00010608
R 0x000200b0
R 0x00010610
R 0x00020130
R 0x00010618
R 0x000201b0
R 0x00010620
R 0x00020230
R 0x00010628
R 0x000202b0
R 0x00010630
R 0x00020330
R 0x00010638
R 0x000203b0
R 0x00010640
R 0x00020430
R 0x00010648
R 0x000204b0
R 0x00010650
R 0x00020530
R 0x00010658
R 0x000205b0
R 0x00010660
R 0x00020630
R 0x00010668
R 0x000206b0
R 0x00010670
R 0x00020730
R 0x00010678
R 0x000207b0
W 0x00030638
R 0x00010600
R 0x00020038
R 0x00010608
R 0x000200b8
R 0x00010610
R 0x00020138
R 0x00010618
R 0x000201b8
R 0x00010620
R 0x00020238
R 0x00010628
R 0x000202b8
R 0x00010630
R 0x00020338
R 0x00010638
R 0x000203b8
R 0x00010640
R 0x00020438
R 0x00010648
R 0x000204b8
R 0x00010650
R 0x00020538
R 0x00010658
R 0x000205b8
R 0x00010660
R 0x00020638
R 0x00010668
R 0x000206b8
R 0x00010670
R 0x00020738
R 0x00010678
R 0x000207b8
W 0x00030640
R 0x00010600
R 0x00020040
R 0x00010608
R 0x000200c0
R 0x00010610
R 0x00020140
R 0x00010618
R 0x000201c0
R 0x00010620
R 0x00020240
R 0x00010628
R 0x000202c0
R 0x00010630
R 0x00020340
R 0x00010638
R 0x000203c0
R 0x00010640
R 0x00020440
R 0x00010648
R 0x000204c0
R 0x00010650
R 0x00020540
R 0x00010658
R 0x000205c0
R 0x00010660
R 0x00020640
R 0x00010668
R 0x000206c0
R 0x00010670
R 0x00020740
R 0x00010678
R 0x000207c0
W 0x00030648
R 0x00010600
R 0x00020048
R 0x00010608
R 0x000200c8
R 0x00010610
R 0x00020148
R 0x00010618
R 0x000201c8
R 0x00010620
R 0x00020248
R 0x00010628
R 0x000202c8
R 0x00010630
R 0x00020348
R 0x00010638
R 0x000203c8
R 0x00010640
R 0x00020448
R 0x00010648
R 0x000204c8
R 0x00010650
R 0x00020548
R 0x00010658
R 0x000205c8
R 0x00010660
R 0x00020648
R 0x00010668
R 0x000206c8
R 0x00010670
R 0x00020748
R 0x00010678
R 0x000207c8
W 0x00030650
R 0x00010600
R 0x00020050
R 0x00010608
R 0x000200d0
R 0x00010610
R 0x00020150
R 0x00010618
R 0x000201d0
R 0x00010620
R 0x00020250
R 0x00010628
R 0x000202d0
R 0x00010630
R 0x00020350
R 0x00010638
R 0x000203d0
R 0x00010640
R 0x00020450
R 0x00010648
R 0x000204d0
R 0x00010650
R 0x00020550
R 0x00010658
R 0x000205d0
R 0x00010660
R 0x00020650
R 0x00010668
R 0x000206d0
R 0x00010670
R 0x00020750
R 0x00010678
R 0x000207d0
W 0x00030658
R 0x00010600
R 0x00020058
R 0x00010608
R 0x000200d8
R 0x00010610
R 0x00020158
R 0x00010618
R 0x000201d8
R 0x00010620
R 0x00020258
R 0x00010628
R 0x000202d8
R 0x00010630
R 0x00020358
R 0x00010638
R 0x000203d8
R 0x00010640
R 0x00020458
R 0x00010648
R 0x000204d8
R 0x00010650
R 0x00020558
R 0x00010658
R 0x000205d8
R 0x00010660
R 0x00020658
R 0x00010668
R 0x000206d8
R 0x00010670
R 0x00020758
R 0x00010678
R 0x000207d8
W 0x00030660
R 0x00010600
R 0x00020060
R 0x00010608
R 0x000200e0
R 0x00010610
R 0x00020160
R 0x00010618
R 0x000201e0
R 0x00010620
R 0x00020260
R 0x00010628
R 0x000202e0
R 0x00010630
R 0x00020360
R 0x00010638
R 0x000203e0
R 0x00010640
R 0x00020460
R 0x00010648
R 0x000204e0
R 0x00010650
R 0x00020560
R 0x00010658
R 0x000205e0
R 0x00010660
R 0x00020660
R 0x00010668
R 0x000206e0
R 0x00010670
R 0x00020760
R 0x00010678
R 0x000207e0
W 0x00030668
R 0x00010600
R 0x00020068
R 0x00010608
R 0x000200e8
R 0x00010610
R 0x00020168
R 0x00010618
R 0x000201e8
R 0x00010620
R 0x00020268
R 0x00010628
R 0x000202e8
R 0x00010630
R 0x00020368
R 0x00010638
R 0x000203e8
R 0x00010640
R 0x00020468
R 0x00010648
R 0x000204e8
R 0x00010650
R 0x00020568
R 0x00010658
R 0x000205e8
R 0x00010660
R 0x00020668
R 0x00010668
R 0x000206e8
R 0x00010670
R 0x00020768
R 0x00010678
R 0x000207e8
W 0x00030670
R 0x00010600
R 0x00020070
R 0x00010608
R 0x000200f0
R 0x00010610
R 0x00020170
R 0x00010618
R 0x000201f0
R 0x00010620
R 0x00020270
R 0x00010628
R 0x000202f0
R 0x00010630
R 0x00020370
R 0x00010638
R 0x000203f0
R 0x00010640
R 0x00020470
R 0x00010648
R 0x000204f0
R 0x00010650
R 0x00020570
R 0x00010658
R 0x000205f0
R 0x00010660
R 0x00020670
R 0x00010668
R 0x000206f0
R 0x00010670
R 0x00020770
R 0x00010678
R 0x000207f0
W 0x00030678
R 0x00010600
R 0x00020078
R 0x00010608
R 0x000200f8
R 0x00010610
R 0x00020178
R 0x00010618
R 0x000201f8
R 0x00010620
R 0x00020278
R 0x00010628
R 0x000202f8
R 0x00010630
R 0x00020378
R 0x00010638
R 0x000203f8
R 0x00010640
R 0x00020478
R 0x00010648
R 0x000204f8
R 0x00010650
R 0x00020578
R 0x00010658
R 0x000205f8
R 0x00010660
R 0x00020678
R 0x00010668
R 0x000206f8
R 0x00010670
R 0x00020778
R 0x00010678
R 0x000207f8
W 0x00030680
R 0x00010680
R 0x00020000
R 0x00010688
R 0x00020080
R 0x00010690
R 0x00020100
R 0x00010698
R 0x00020180
R 0x000106a0
R 0x00020200
R 0x000106a8
R 0x00020280
R 0x000106b0
R 0x00020300
R 0x000106b8
R 0x00020380
R 0x000106c0
R 0x00020400
R 0x000106c8
R 0x00020480
R 0x000106d0
R 0x00020500
R 0x000106d8
R 0x00020580
R 0x000106e0
R 0x00020600
R 0x000106e8
R 0x00020680
R 0x000106f0
R 0x00020700
R 0x000106f8
R 0x00020780
W 0x00030688
R 0x00010680
R 0x00020008
R 0x00010688
R 0x00020088
R 0x00010690
R 0x00020108
R 0x00010698
R 0x00020188
R 0x000106a0
R 0x00020208
R 0x000106a8
R 0x00020288
R 0x000106b0
R 0x00020308
R 0x000106b8
R 0x00020388
R 0x000106c0
R 0x00020408
R 0x000106c8
R 0x00020488
R 0x000106d0
R 0x00020508
R 0x000106d8
R 0x00020588
R 0x000106e0
R 0x00020608
R 0x000106e8
R 0x00020688
R 0x000106f0
R 0x00020708
R 0x000106f8
R 0x00020788
W 0x00030690
R 0x00010680
R 0x00020010
R 0x00010688
R 0x00020090
R 0x00010690
R 0x00020110
R 0x00010698
R 0x00020190
R 0x000106a0
R 0x00020210
R 0x000106a8
R 0x00020290
R 0x000106b0
R 0x00020310
R 0x000106b8
R 0x00020390
R 0x000106c0
R 0x00020410
R 0x000106c8
R 0x00020490
R 0x000106d0
R 0x00020510
R 0x000106d8
R 0x00020590
R 0x000106e0
R 0x00020610
R 0x000106e8
R 0x00020690
R 0x000106f0
R 0x00020710
R 0x000106f8
R 0x00020790
W 0x00030698
R 0x00010680
R 0x00020018
R 0x00010688
R 0x00020098
R 0x00010690
R 0x00020118
R 0x00010698
R 0x00020198
R 0x000106a0
R 0x00020218
R 0x000106a8
R 0x00020298
R 0x000106b0
R 0x00020318
R 0x000106b8
R 0x00020398
R 0x000106c0
R 0x00020418
R 0x000106c8
R 0x00020498
R 0x000106d0
R 0x00020518
R 0x000106d8
R 0x00020598
R 0x000106e0
R 0x00020618
R 0x000106e8
R 0x00020698
R 0x000106f0
R 0x00020718
R 0x000106f8
R 0x00020798
W 0x000306a0
R 0x00010680
R 0x00020020
R 0x00010688
R 0x000200a0
R 0x00010690
R 0x00020120
R 0x00010698
R 0x000201a0
R 0x000106a0
R 0x00020220
R 0x000106a8
R 0x000202a0
R 0x000106b0
R 0x00020320
R 0x000106b8
R 0x000203a0
R 0x000106c0
R 0x00020420
R 0x000106c8
R 0x000204a0
R 0x000106d0
R 0x00020520
R 0x000106d8
R 0x000205a0
R 0x000106e0
R 0x00020620
R 0x000106e8
R 0x000206a0
R 0x000106f0
R 0x00020720
R 0x000106f8
R 0x000207a0
W 0x000306a8
R 0x00010680
R 0x00020028
R 0x00010688
R 0x000200a8
R 0x00010690
R 0x00020128
R 0x00010698
R 0x000201a8
R 0x000106a0
R 0x00020228
R 0x000106a8
R 0x000202a8
R 0x000106b0
R 0x00020328
R 0x000106b8
R 0x000203a8
R 0x000106c0
R 0x00020428
R 0x000106c8
R 0x000204a8
R 0x000106d0
R 0x00020528
R 0x000106d8
R 0x000205a8
R 0x000106e0
R 0x00020628
R 0x000106e8
R 0x000206a8
R 0x000106f0
R 0x00020728
R 0x000106f8
R 0x000207a8
W 0x000306b0
R 0x00010680
R 0x00020030
R 0x00010688
R 0x000200b0
R 0x00010690
R 0x00020130
R 0x00010698
R 0x000201b0
R 0x000106a0
R 0x00020230
R 0x000106a8
R 0x000202b0
R 0x000106b0
R 0x00020330
R 0x000106b8
R 0x000203b0
R 0x000106c0
R 0x00020430
R 0x000106c8
R 0x000204b0
R 0x000106d0
R 0x00020530
R 0x000106d8
R 0x000205b0
R 0x000106e0
R 0x00020630
R 0x000106e8
R 0x000206b0
R 0x000106f0
R 0x00020730
R 0x000106f8
R 0x000207b0
W 0x000306b8
R 0x00010680
R 0x00020038
R 0x00010688
R 0x000200b8
R 0x00010690
R 0x00020138
R 0x00010698
R 0x000201b8
R 0x000106a0
R 0x00020238
R 0x000106a8
R 0x000202b8
R 0x000106b0
R 0x00020338
R 0x000106b8
R 0x000203b8
R 0x000106c0
R 0x00020438
R 0x000106c8
R 0x000204b8
R 0x000106d0
R 0x00020538
R 0x000106d8
R 0x000205b8
R 0x000106e0
R 0x00020638
R 0x000106e8
R 0x000206b8
R 0x000106f0
R 0x00020738
R 0x000106f8
R 0x000207b8
W 0x000306c0
R 0x00010680
R 0x00020040
R 0x00010688
R 0x000200c0
R 0x00010690
R 0x00020140
R 0x00010698
R 0x000201c0
R 0x000106a0
R 0x00020240
R 0x000106a8
R 0x000202c0
R 0x000106b0
R 0x00020340
R 0x000106b8
R 0x000203c0
R 0x000106c0
R 0x00020440
R 0x000106c8
R 0x000204c0
R 0x000106d0
R 0x00020540
R 0x000106d8
R 0x000205c0
R 0x000106e0
R 0x00020640
R 0x000106e8
R 0x000206c0
R 0x000106f0
R 0x00020740
R 0x000106f8
R 0x000207c0
W 0x000306c8
R 0x00010680
R 0x00020048
R 0x00010688
R 0x000200c8
R 0x00010690
R 0x00020148
R 0x00010698
R 0x000201c8
R 0x000106a0
R 0x00020248
R 0x000106a8
R 0x000202c8
R 0x000106b0
R 0x00020348
R 0x000106b8
R 0x000203c8
R 0x000106c0
R 0x00020448
R 0x000106c8
R 0x000204c8
R 0x000106d0
R 0x00020548
R 0x000106d8
R 0x000205c8
R 0x000106e0
R 0x00020648
R 0x000106e8
R 0x000206c8
R 0x000106f0
R 0x00020748
R 0x000106f8
R 0x000207c8
W 0x000306d0
R 0x00010680
R 0x00020050
R 0x00010688
R 0x000200d0
R 0x00010690
R 0x00020150
R 0x00010698
R 0x000201d0
R 0x000106a0
R 0x00020250
R 0x000106a8
R 0x000202d0
R 0x000106b0
R 0x00020350
R 0x000106b8
R 0x000203d0
R 0x000106c0
R 0x00020450
R 0x000106c8
R 0x000204d0
R 0x000106d0
R 0x00020550
R 0x000106d8
R 0x000205d0
R 0x000106e0
R 0x00020650
R 0x000106e8
R 0x000206d0
R 0x000106f0
R 0x00020750
R 0x000106f8
R 0x000207d0
W 0x000306d8
R 0x00010680
R 0x00020058
R 0x00010688
R 0x000200d8
R 0x00010690
R 0x00020158
R 0x00010698
R 0x000201d8
R 0x000106a0
R 0x00020258
R 0x000106a8
R 0x000202d8
R 0x000106b0
R 0x00020358
R 0x000106b8
R 0x000203d8
R 0x000106c0
R 0x00020458
R 0x000106c8
R 0x000204d8
R 0x000106d0
R 0x00020558
R 0x000106d8
R 0x000205d8
R 0x000106e0
R 0x00020658
R 0x000106e8
R 0x000206d8
R 0x000106f0
R 0x00020758
R 0x000106f8
R 0x000207d8
W 0x000306e0
R 0x00010680
R 0x00020060
R 0x00010688
R 0x000200e0
R 0x00010690
R 0x00020160
R 0x00010698
R 0x000201e0
R 0x000106a0
R 0x00020260
R 0x000106a8
R 0x000202e0
R 0x000106b0
R 0x00020360
R 0x000106b8
R 0x000203e0
R 0x000106c0
R 0x00020460
R 0x000106c8
R 0x000204e0
R 0x000106d0
R 0x00020560
R 0x000106d8
R 0x000205e0
R 0x000106e0
R 0x00020660
R 0x000106e8
R 0x000206e0
R 0x000106f0
R 0x00020760
R 0x000106f8
R 0x000207e0
W 0x000306e8
R 0x00010680
R 0x00020068
R 0x00010688
R 0x000200e8
R 0x00010690
R 0x00020168
R 0x00010698
R 0x000201e8
R 0x000106a0
R 0x00020268
R 0x000106a8
R 0x000202e8
R 0x000106b0
R 0x00020368
R 0x000106b8
R 0x000203e8
R 0x000106c0
R 0x00020468
R 0x000106c8
R 0x000204e8
R 0x000106d0
R 0x00020568
R 0x000106d8
R 0x000205e8
R 0x000106e0
R 0x00020668
R 0x000106e8
R 0x000206e8
R 0x000106f0
R 0x00020768
R 0x000106f8
R 0x000207e8
W 0x000306f0
R 0x00010680
R 0x00020070
R 0x00010688
R 0x000200f0
R 0x00010690
R 0x00020170
R 0x00010698
R 0x000201f0
R 0x000106a0
R 0x00020270
R 0x000106a8
R 0x000202f0
R 0x000106b0
R 0x00020370
R 0x000106b8
R 0x000203f0
R 0x000106c0
R 0x00020470
R 0x000106c8
R 0x000204f0
R 0x000106d0
R 0x00020570
R 0x000106d8
R 0x000205f0
R 0x000106e0
R 0x00020670
R 0x000106e8
R 0x000206f0
R 0x000106f0
R 0x00020770
R 0x000106f8
R 0x000207f0
W 0x000306f8
R 0x00010680
R 0x00020078
R 0x00010688
R 0x000200f8
R 0x00010690
R 0x00020178
R 0x00010698
R 0x000201f8
R 0x000106a0
R 0x00020278
R 0x000106a8
R 0x000202f8
R 0x000106b0
R 0x00020378
R 0x000106b8
R 0x000203f8
R 0x000106c0
R 0x00020478
R 0x000106c8
R 0x000204f8
R 0x000106d0
R 0x00020578
R 0x000106d8
R 0x000205f8
R 0x000106e0
R 0x00020678
R 0x000106e8
R 0x000206f8
R 0x000106f0
R 0x00020778
R 0x000106f8
R 0x000207f8
W 0x00030700
R 0x00010700
R 0x00020000
R 0x00010708
R 0x00020080
R 0x00010710
R 0x00020100
R 0x00010718
R 0x00020180
R 0x00010720
R 0x00020200
R 0x00010728
R 0x00020280
R 0x00010730
R 0x00020300
R 0x00010738
R 0x00020380
R 0x00010740
R 0x00020400
R 0x00010748
R 0x00020480
R 0x00010750
R 0x00020500
R 0x00010758
R 0x00020580
R 0x00010760
R 0x00020600
R 0x00010768
R 0x00020680
R 0x00010770
R 0x00020700
R 0x00010778
R 0x00020780
W 0x00030708
R 0x00010700
R 0x00020008
R 0x00010708
R 0x00020088
R 0x00010710
R 0x00020108
R 0x00010718
R 0x00020188
R 0x00010720
R 0x00020208
R 0x00010728
R 0x00020288
R 0x00010730
R 0x00020308
R 0x00010738
R 0x00020388
R 0x00010740
R 0x00020408
R 0x00010748
R 0x00020488
R 0x00010750
R 0x00020508
R 0x00010758
R 0x00020588
R 0x00010760
R 0x00020608
R 0x00010768
R 0x00020688
R 0x00010770
R 0x00020708
R 0x00010778
R 0x00020788
W 0x00030710
R 0x00010700
R 0x00020010
R 0x00010708
R 0x00020090
R 0x00010710
R 0x00020110
R 0x00010718
R 0x00020190
R 0x00010720
R 0x00020210
R 0x00010728
R 0x00020290
R 0x00010730
R 0x00020310
R 0x00010738
R 0x00020390
R 0x00010740
R 0x00020410
R 0x00010748
R 0x00020490
R 0x00010750
R 0x00020510
R 0x00010758
R 0x00020590
R 0x00010760
R 0x00020610
R 0x00010768
R 0x00020690
R 0x00010770
R 0x00020710
R 0x00010778
R 0x00020790
W 0x00030718
R 0x00010700
R 0x00020018
R 0x00010708
R 0x00020098
R 0x00010710
R 0x00020118
R 0x00010718
R 0x00020198
R 0x00010720
R 0x00020218
R 0x00010728
R 0x00020298
R 0x00010730
R 0x00020318
R 0x00010738
R 0x00020398
R 0x00010740
R 0x00020418
R 0x00010748
R 0x00020498
R 0x00010750
R 0x00020518
R 0x00010758
R 0x00020598
R 0x00010760
R 0x00020618
R 0x00010768
R 0x00020698
R 0x00010770
R 0x00020718
R 0x00010778
R 0x00020798
W 0x00030720
R 0x00010700
R 0x00020020
R 0x00010708
R 0x000200a0
R 0x00010710
R 0x00020120
R 0x00010718
R 0x000201a0
R 0x00010720
R 0x00020220
R 0x00010728
R 0x000202a0
R 0x00010730
R 0x00020320
R 0x00010738
R 0x000203a0
R 0x00010740
R 0x00020420
R 0x00010748
R 0x000204a0
R 0x00010750
R 0x00020520
R 0x00010758
R 0x000205a0
R 0x00010760
R 0x00020620
R 0x00010768
R 0x000206a0
R 0x00010770
R 0x00020720
R 0x00010778
R 0x000207a0
W 0x00030728
R 0x00010700
R 0x00020028
R 0x00010708
R 0x000200a8
R 0x00010710
R 0x00020128
R 0x00010718
R 0x000201a8
R 0x00010720
R 0x00020228
R 0x00010728
R 0x000202a8
R 0x00010730
R 0x00020328
R 0x00010738
R 0x000203a8
R 0x00010740
R 0x00020428
R 0x00010748
R 0x000204a8
R 0x00010750
R 0x00020528
R 0x00010758
R 0x000205a8
R 0x00010760
R 0x00020628
R 0x00010768
R 0x000206a8
R 0x00010770
R 0x00020728
R 0x00010778
R 0x000207a8
W 0x00030730
R 0x00010700
R 0x00020030
R 0x00010708
R 0x000200b0
R 0x00010710
R 0x00020130
R 0x00010718
R 0x000201b0
R 0x00010720
R 0x00020230
R 0x00010728
R 0x000202b0
R 0x00010730
R 0x00020330
R 0x00010738
R 0x000203b0
R 0x00010740
R 0x00020430
R 0x00010748
R 0x000204b0
R 0x00010750
R 0x00020530
R 0x00010758
R 0x000205b0
R 0x00010760
R 0x00020630
R 0x00010768
R 0x000206b0
R 0x00010770
R 0x00020730
R 0x00010778
R 0x000207b0
W 0x00030738
R 0x00010700
R 0x00020038
R 0x00010708
R 0x000200b8
R 0x00010710
R 0x00020138
R 0x00010718
R 0x000201b8
R 0x00010720
R 0x00020238
R 0x00010728
R 0x000202b8
R 0x00010730
R 0x00020338
R 0x00010738
R 0x000203b8
R 0x00010740
R 0x00020438
R 0x00010748
R 0x000204b8
R 0x00010750
R 0x00020538
R 0x00010758
R 0x000205b8
R 0x00010760
R 0x00020638
R 0x00010768
R 0x000206b8
R 0x00010770
R 0x00020738
R 0x00010778
R 0x000207b8
W 0x00030740
R 0x00010700
R 0x00020040
R 0x00010708
R 0x000200c0
R 0x00010710
R 0x00020140
R 0x00010718
R 0x000201c0
R 0x00010720
R 0x00020240
R 0x00010728
R 0x000202c0
R 0x00010730
R 0x00020340
R 0x00010738
R 0x000203c0
R 0x00010740
R 0x00020440
R 0x00010748
R 0x000204c0
R 0x00010750
R 0x00020540
R 0x00010758
R 0x000205c0
R 0x00010760
R 0x00020640
R 0x00010768
R 0x000206c0
R 0x00010770
R 0x00020740
R 0x00010778
R 0x000207c0
W 0x00030748
R 0x00010700
R 0x00020048
R 0x00010708
R 0x000200c8
R 0x00010710
R 0x00020148
R 0x00010718
R 0x000201c8
R 0x00010720
R 0x00020248
R 0x00010728
R 0x000202c8
R 0x00010730
R 0x00020348
R 0x00010738
R 0x000203c8
R 0x00010740
R 0x00020448
R 0x00010748
R 0x000204c8
R 0x00010750
R 0x00020548
R 0x00010758
R 0x000205c8
R 0x00010760
R 0x00020648
R 0x00010768
R 0x000206c8
R 0x00010770
R 0x00020748
R 0x00010778
R 0x000207c8
W 0x00030750
R 0x00010700
R 0x00020050
R 0x00010708
R 0x000200d0
R 0x00010710
R 0x00020150
R 0x00010718
R 0x000201d0
R 0x00010720
R 0x00020250
R 0x00010728
R 0x000202d0
R 0x00010730
R 0x00020350
R 0x00010738
R 0x000203d0
R 0x00010740
R 0x00020450
R 0x00010748
R 0x000204d0
R 0x00010750
R 0x00020550
R 0x00010758
R 0x000205d0
R 0x00010760
R 0x00020650
R 0x00010768
R 0x000206d0
R 0x00010770
R 0x00020750
R 0x00010778
R 0x000207d0
W 0x00030758
R 0x00010700
R 0x00020058
R 0x00010708
R 0x000200d8
R 0x00010710
R 0x00020158
R 0x00010718
R 0x000201d8
R 0x00010720
R 0x00020258
R 0x00010728
R 0x000202d8
R 0x00010730
R 0x00020358
R 0x00010738
R 0x000203d8
R 0x00010740
R 0x00020458
R 0x00010748
R 0x000204d8
R 0x00010750
R 0x00020558
R 0x00010758
R 0x000205d8
R 0x00010760
R 0x00020658
R 0x00010768
R 0x000206d8
R 0x00010770
R 0x00020758
R 0x00010778
R 0x000207d8
W 0x00030760
R 0x00010700
R 0x00020060
R 0x00010708
R 0x000200e0
R 0x00010710
R 0x00020160
R 0x00010718
R 0x000201e0
R 0x00010720
R 0x00020260
R 0x00010728
R 0x000202e0
R 0x00010730
R 0x00020360
R 0x00010738
R 0x000203e0
R 0x00010740
R 0x00020460
R 0x00010748
R 0x000204e0
R 0x00010750
R 0x00020560
R 0x00010758
R 0x000205e0
R 0x00010760
R 0x00020660
R 0x00010768
R 0x000206e0
R 0x00010770
R 0x00020760
R 0x00010778
R 0x000207e0
W 0x00030768
R 0x00010700
R 0x00020068
R 0x00010708
R 0x000200e8
R 0x00010710
R 0x00020168
R 0x00010718
R 0x000201e8
R 0x00010720
R 0x00020268
R 0x00010728
R 0x000202e8
R 0x00010730
R 0x00020368
R 0x00010738
R 0x000203e8
R 0x00010740
R 0x00020468
R 0x00010748
R 0x000204e8
R 0x00010750
R 0x00020568
R 0x00010758
R 0x000205e8
R 0x00010760
R 0x00020668
R 0x00010768
R 0x000206e8
R 0x00010770
R 0x00020768
R 0x00010778
R 0x000207e8
W 0x00030770
R 0x00010700
R 0x00020070
R 0x00010708
R 0x000200f0
R 0x00010710
R 0x00020170
R 0x00010718
R 0x000201f0
R 0x00010720
R 0x00020270
R 0x00010728
R 0x000202f0
R 0x00010730
R 0x00020370
R 0x00010738
R 0x000203f0
R 0x00010740
R 0x00020470
R 0x00010748
R 0x000204f0
R 0x00010750
R 0x00020570
R 0x00010758
R 0x000205f0
R 0x00010760
R 0x00020670
R 0x00010768
R 0x000206f0
R 0x00010770
R 0x00020770
R 0x00010778
R 0x000207f0
W 0x00030778
R 0x00010700
R 0x00020078
R 0x00010708
R 0x000200f8
R 0x00010710
R 0x00020178
R 0x00010718
R 0x000201f8
R 0x00010720
R 0x00020278
R 0x00010728
R 0x000202f8
R 0x00010730
R 0x00020378
R 0x00010738
R 0x000203f8
R 0x00010740
R 0x00020478
R 0x00010748
R 0x000204f8
R 0x00010750
R 0x00020578
R 0x00010758
R 0x000205f8
R 0x00010760
R 0x00020678
R 0x00010768
R 0x000206f8
R 0x00010770
R 0x00020778
R 0x00010778
R 0x000207f8
W 0x00030780
R 0x00010780
R 0x00020000
R 0x00010788
R 0x00020080
R 0x00010790
R 0x00020100
R 0x00010798
R 0x00020180
R 0x000107a0
R 0x00020200
R 0x000107a8
R 0x00020280
R 0x000107b0
R 0x00020300
R 0x000107b8
R 0x00020380
R 0x000107c0
R 0x00020400
R 0x000107c8
R 0x00020480
R 0x000107d0
R 0x00020500
R 0x000107d8
R 0x00020580
R 0x000107e0
R 0x00020600
R 0x000107e8
R 0x00020680
R 0x000107f0
R 0x00020700
R 0x000107f8
R 0x00020780
W 0x00030788
R 0x00010780
R 0x00020008
R 0x00010788
R 0x00020088
R 0x00010790
R 0x00020108
R 0x00010798
R 0x00020188
R 0x000107a0
R 0x00020208
R 0x000107a8
R 0x00020288
R 0x000107b0
R 0x00020308
R 0x000107b8
R 0x00020388
R 0x000107c0
R 0x00020408
R 0x000107c8
R 0x00020488
R 0x000107d0
R 0x00020508
R 0x000107d8
R 0x00020588
R 0x000107e0
R 0x00020608
R 0x000107e8
R 0x00020688
R 0x000107f0
R 0x00020708
R 0x000107f8
R 0x00020788
W 0x00030790
R 0x00010780
R 0x00020010
R 0x00010788
R 0x00020090
R 0x00010790
R 0x00020110
R 0x00010798
R 0x00020190
R 0x000107a0
R 0x00020210
R 0x000107a8
R 0x00020290
R 0x000107b0
R 0x00020310
R 0x000107b8
R 0x00020390
R 0x000107c0
R 0x00020410
R 0x000107c8
R 0x00020490
R 0x000107d0
R 0x00020510
R 0x000107d8
R 0x00020590
R 0x000107e0
R 0x00020610
R 0x000107e8
R 0x00020690
R 0x000107f0
R 0x00020710
R 0x000107f8
R 0x00020790
W 0x00030798
R 0x00010780
R 0x00020018
R 0x00010788
R 0x00020098
R 0x00010790
R 0x00020118
R 0x00010798
R 0x00020198
R 0x000107a0
R 0x00020218
R 0x000107a8
R 0x00020298
R 0x000107b0
R 0x00020318
R 0x000107b8
R 0x00020398
R 0x000107c0
R 0x00020418
R 0x000107c8
R 0x00020498
R 0x000107d0
R 0x00020518
R 0x000107d8
R 0x00020598
R 0x000107e0
R 0x00020618
R 0x000107e8
R 0x00020698
R 0x000107f0
R 0x00020718
R 0x000107f8
R 0x00020798
W 0x000307a0
R 0x00010780
R 0x00020020
R 0x00010788
R 0x000200a0
R 0x00010790
R 0x00020120
R 0x00010798
R 0x000201a0
R 0x000107a0
R 0x00020220
R 0x000107a8
R 0x000202a0
R 0x000107b0
R 0x00020320
R 0x000107b8
R 0x000203a0
R 0x000107c0
R 0x00020420
R 0x000107c8
R 0x000204a0
R 0x000107d0
R 0x00020520
R 0x000107d8
R 0x000205a0
R 0x000107e0
R 0x00020620
R 0x000107e8
R 0x000206a0
R 0x000107f0
R 0x00020720
R 0x000107f8
R 0x000207a0
W 0x000307a8
R 0x00010780
R 0x00020028
R 0x00010788
R 0x000200a8
R 0x00010790
R 0x00020128
R 0x00010798
R 0x000201a8
R 0x000107a0
R 0x00020228
R 0x000107a8
R 0x000202a8
R 0x000107b0
R 0x00020328
R 0x000107b8
R 0x000203a8
R 0x000107c0
R 0x00020428
R 0x000107c8
R 0x000204a8
R 0x000107d0
R 0x00020528
R 0x000107d8
R 0x000205a8
R 0x000107e0
R 0x00020628
R 0x000107e8
R 0x000206a8
R 0x000107f0
R 0x00020728
R 0x000107f8
R 0x000207a8
W 0x000307b0
R 0x00010780
R 0x00020030
R 0x00010788
R 0x000200b0
R 0x00010790
R 0x00020130
R 0x00010798
R 0x000201b0
R 0x000107a0
R 0x00020230
R 0x000107a8
R 0x000202b0
R 0x000107b0
R 0x00020330
R 0x000107b8
R 0x000203b0
R 0x000107c0
R 0x00020430
R 0x000107c8
R 0x000204b0
R 0x000107d0
R 0x00020530
R 0x000107d8
R 0x000205b0
R 0x000107e0
R 0x00020630
R 0x000107e8
R 0x000206b0
R 0x000107f0
R 0x00020730
R 0x000107f8
R 0x000207b0
W 0x000307b8
R 0x00010780
R 0x00020038
R 0x00010788
R 0x000200b8
R 0x00010790
R 0x00020138
R 0x00010798
R 0x000201b8
R 0x000107a0
R 0x00020238
R 0x000107a8
R 0x000202b8
R 0x000107b0
R 0x00020338
R 0x000107b8
R 0x000203b8
R 0x000107c0
R 0x00020438
R 0x000107c8
R 0x000204b8
R 0x000107d0
R 0x00020538
R 0x000107d8
R 0x000205b8
R 0x000107e0
R 0x00020638
R 0x000107e8
R 0x000206b8
R 0x000107f0
R 0x00020738
R 0x000107f8
R 0x000207b8
W 0x000307c0
R 0x00010780
R 0x00020040
R 0x00010788
R 0x000200c0
R 0x00010790
R 0x00020140
R 0x00010798
R 0x000201c0
R 0x000107a0
R 0x00020240
R 0x000107a8
R 0x000202c0
R 0x000107b0
R 0x00020340
R 0x000107b8
R 0x000203c0
R 0x000107c0
R 0x00020440
R 0x000107c8
R 0x000204c0
R 0x000107d0
R 0x00020540
R 0x000107d8
R 0x000205c0
R 0x000107e0
R 0x00020640
R 0x000107e8
R 0x000206c0
R 0x000107f0
R 0x00020740
R 0x000107f8
R 0x000207c0
W 0x000307c8
R 0x00010780
R 0x00020048
R 0x00010788
R 0x000200c8
R 0x00010790
R 0x00020148
R 0x00010798
R 0x000201c8
R 0x000107a0
R 0x00020248
R 0x000107a8
R 0x000202c8
R 0x000107b0
R 0x00020348
R 0x000107b8
R 0x000203c8
R 0x000107c0
R 0x00020448
R 0x000107c8
R 0x000204c8
R 0x000107d0
R 0x00020548
R 0x000107d8
R 0x000205c8
R 0x000107e0
R 0x00020648
R 0x000107e8
R 0x000206c8
R 0x000107f0
R 0x00020748
R 0x000107f8
R 0x000207c8
W 0x000307d0
R 0x00010780
R 0x00020050
R 0x00010788
R 0x000200d0
R 0x00010790
R 0x00020150
R 0x00010798
R 0x000201d0
R 0x000107a0
R 0x00020250
R 0x000107a8
R 0x000202d0
R 0x000107b0
R 0x00020350
R 0x000107b8
R 0x000203d0
R 0x000107c0
R 0x00020450
R 0x000107c8
R 0x000204d0
R 0x000107d0
R 0x00020550
R 0x000107d8
R 0x000205d0
R 0x000107e0
R 0x00020650
R 0x000107e8
R 0x000206d0
R 0x000107f0
R 0x00020750
R 0x000107f8
R 0x000207d0
W 0x000307d8
R 0x00010780
R 0x00020058
R 0x00010788
R 0x000200d8
R 0x00010790
R 0x00020158
R 0x00010798
R 0x000201d8
R 0x000107a0
R 0x00020258
R 0x000107a8
R 0x000202d8
R 0x000107b0
R 0x00020358
R 0x000107b8
R 0x000203d8
R 0x000107c0
R 0x00020458
R 0x000107c8
R 0x000204d8
R 0x000107d0
R 0x00020558
R 0x000107d8
R 0x000205d8
R 0x000107e0
R 0x00020658
R 0x000107e8
R 0x000206d8
R 0x000107f0
R 0x00020758
R 0x000107f8
R 0x000207d8
W 0x000307e0
R 0x00010780
R 0x00020060
R 0x00010788
R 0x000200e0
R 0x00010790
R 0x00020160
R 0x00010798
R 0x000201e0
R 0x000107a0
R 0x00020260
R 0x000107a8
R 0x000202e0
R 0x000107b0
R 0x00020360
R 0x000107b8
R 0x000203e0
R 0x000107c0
R 0x00020460
R 0x000107c8
R 0x000204e0
R 0x000107d0
R 0x00020560
R 0x000107d8
R 0x000205e0
R 0x000107e0
R 0x00020660
R 0x000107e8
R 0x000206e0
R 0x000107f0
R 0x00020760
R 0x000107f8
R 0x000207e0
W 0x000307e8
R 0x00010780
R 0x00020068
R 0x00010788
R 0x000200e8
R 0x00010790
R 0x00020168
R 0x00010798
R 0x000201e8
R 0x000107a0
R 0x00020268
R 0x000107a8
R 0x000202e8
R 0x000107b0
R 0x00020368
R 0x000107b8
R 0x000203e8
R 0x000107c0
R 0x00020468
R 0x000107c8
R 0x000204e8
R 0x000107d0
R 0x00020568
R 0x000107d8
R 0x000205e8
R 0x000107e0
R 0x00020668
R 0x000107e8
R 0x000206e8
R 0x000107f0
R 0x00020768
R 0x000107f8
R 0x000207e8
W 0x000307f0
R 0x00010780
R 0x00020070
R 0x00010788
R 0x000200f0
R 0x00010790
R 0x00020170
R 0x00010798
R 0x000201f0
R 0x000107a0
R 0x00020270
R 0x000107a8
R 0x000202f0
R 0x000107b0
R 0x00020370
R 0x000107b8
R 0x000203f0
R 0x000107c0
R 0x00020470
R 0x000107c8
R 0x000204f0
R 0x000107d0
R 0x00020570
R 0x000107d8
R 0x000205f0
R 0x000107e0
R 0x00020670
R 0x000107e8
R 0x000206f0
R 0x000107f0
R 0x00020770
R 0x000107f8
R 0x000207f0
W 0x000307f8
R 0x00010780
R 0x00020078
R 0x00010788
R 0x000200f8
R 0x00010790
R 0x00020178
R 0x00010798
R 0x000201f8
R 0x000107a0
R 0x00020278
R 0x000107a8
R 0x000202f8
R 0x000107b0
R 0x00020378
R 0x000107b8
R 0x000203f8
R 0x000107c0
R 0x00020478
R 0x000107c8
R 0x000204f8
R 0x000107d0
R 0x00020578
R 0x000107d8
R 0x000205f8
R 0x000107e0
R 0x00020678
R 0x000107e8
R 0x000206f8
R 0x000107f0
R 0x00020778
R 0x000107f8
R 0x000207f8
